dataset,label_column,setting,seed,window_size,window_stride,requested_states,auto_states,min_state_improvement,n_windows,true_state_count,inferred_state_count,adjusted_rand,aligned_accuracy,mean_label_purity,true_label_counts,inferred_state_counts,state_mapping
AReMActivities,activity,default_auto_k2_w300,0,300,150,2,True,0.12,197,6,1,0.0,0.2436548223350254,0.9873096446700508,bending1:22;bending2:19;cycling:48;lying:48;sitting:48;standing:12,0:197,"{""0"": ""cycling""}"
AReMActivities,activity,loose_auto_k2_w120,0,120,60,2,True,0.0,492,6,2,0.20739812773490393,0.4573170731707317,0.9949186991869918,bending1:56;bending2:48;cycling:119;lying:120;sitting:120;standing:29,0:177;1:315,"{""0"": ""cycling"", ""1"": ""lying""}"
AReMActivities,activity,forced_k2_w120,0,120,60,2,False,0.0,492,6,2,0.20739812773490393,0.4573170731707317,0.9949186991869918,bending1:56;bending2:48;cycling:119;lying:120;sitting:120;standing:29,0:177;1:315,"{""0"": ""cycling"", ""1"": ""lying""}"
AReMActivities,activity,loose_auto_k3_w120,0,120,60,3,True,0.0,492,6,3,0.22368780411341008,0.491869918699187,0.9949186991869918,bending1:56;bending2:48;cycling:119;lying:120;sitting:120;standing:29,0:98;1:228;2:166,"{""0"": ""lying"", ""1"": ""sitting"", ""2"": ""cycling""}"
AReMActivities,activity,forced_k3_w120,0,120,60,3,False,0.0,492,6,3,0.22368780411341008,0.491869918699187,0.9949186991869918,bending1:56;bending2:48;cycling:119;lying:120;sitting:120;standing:29,0:98;1:228;2:166,"{""0"": ""lying"", ""1"": ""sitting"", ""2"": ""cycling""}"
AReMActivities,activity,loose_auto_k4_w120,0,120,60,4,True,0.0,492,6,4,0.27093864564516423,0.508130081300813,0.9949186991869918,bending1:56;bending2:48;cycling:119;lying:120;sitting:120;standing:29,0:190;1:112;2:36;3:154,"{""0"": ""sitting"", ""1"": ""lying"", ""2"": ""standing"", ""3"": ""cycling""}"
AReMActivities,activity,forced_k4_w120,0,120,60,4,False,0.0,492,6,4,0.27093864564516423,0.508130081300813,0.9949186991869918,bending1:56;bending2:48;cycling:119;lying:120;sitting:120;standing:29,0:190;1:112;2:36;3:154,"{""0"": ""sitting"", ""1"": ""lying"", ""2"": ""standing"", ""3"": ""cycling""}"
AReMActivities,activity,loose_auto_k2_w300,0,300,150,2,True,0.0,197,6,2,0.2505899802096966,0.4873096446700508,0.9873096446700508,bending1:22;bending2:19;cycling:48;lying:48;sitting:48;standing:12,0:51;1:146,"{""0"": ""cycling"", ""1"": ""sitting""}"
AReMActivities,activity,forced_k2_w300,0,300,150,2,False,0.0,197,6,2,0.2505899802096966,0.4873096446700508,0.9873096446700508,bending1:22;bending2:19;cycling:48;lying:48;sitting:48;standing:12,0:51;1:146,"{""0"": ""cycling"", ""1"": ""sitting""}"
AReMActivities,activity,loose_auto_k3_w300,0,300,150,3,True,0.0,197,6,3,0.3171702536833349,0.5177664974619289,0.9873096446700508,bending1:22;bending2:19;cycling:48;lying:48;sitting:48;standing:12,0:108;1:39;2:50,"{""0"": ""sitting"", ""1"": ""lying"", ""2"": ""cycling""}"
AReMActivities,activity,forced_k3_w300,0,300,150,3,False,0.0,197,6,3,0.3171702536833349,0.5177664974619289,0.9873096446700508,bending1:22;bending2:19;cycling:48;lying:48;sitting:48;standing:12,0:108;1:39;2:50,"{""0"": ""sitting"", ""1"": ""lying"", ""2"": ""cycling""}"
AReMActivities,activity,loose_auto_k4_w300,0,300,150,4,True,0.0,197,6,4,0.33752173284179826,0.5380710659898477,0.9873096446700508,bending1:22;bending2:19;cycling:48;lying:48;sitting:48;standing:12,0:50;1:50;2:75;3:22,"{""0"": ""bending2"", ""1"": ""cycling"", ""2"": ""sitting"", ""3"": ""lying""}"
AReMActivities,activity,forced_k4_w300,0,300,150,4,False,0.0,197,6,4,0.33752173284179826,0.5380710659898477,0.9873096446700508,bending1:22;bending2:19;cycling:48;lying:48;sitting:48;standing:12,0:50;1:50;2:75;3:22,"{""0"": ""bending2"", ""1"": ""cycling"", ""2"": ""sitting"", ""3"": ""lying""}"
AReMActivities,activity,default_auto_k2_w300,1,300,150,2,True,0.12,197,6,1,0.0,0.2436548223350254,0.9873096446700508,bending1:22;bending2:19;cycling:48;lying:48;sitting:48;standing:12,0:197,"{""0"": ""cycling""}"
AReMActivities,activity,loose_auto_k2_w120,1,120,60,2,True,0.0,492,6,2,0.20979434271145014,0.45934959349593496,0.9949186991869918,bending1:56;bending2:48;cycling:119;lying:120;sitting:120;standing:29,0:322;1:170,"{""0"": ""lying"", ""1"": ""cycling""}"
AReMActivities,activity,forced_k2_w120,1,120,60,2,False,0.0,492,6,2,0.20979434271145014,0.45934959349593496,0.9949186991869918,bending1:56;bending2:48;cycling:119;lying:120;sitting:120;standing:29,0:322;1:170,"{""0"": ""lying"", ""1"": ""cycling""}"
AReMActivities,activity,loose_auto_k3_w120,1,120,60,3,True,0.0,492,6,3,0.2799544658777972,0.532520325203252,0.9949186991869918,bending1:56;bending2:48;cycling:119;lying:120;sitting:120;standing:29,0:139;1:191;2:162,"{""0"": ""lying"", ""1"": ""sitting"", ""2"": ""cycling""}"
AReMActivities,activity,forced_k3_w120,1,120,60,3,False,0.0,492,6,3,0.2799544658777972,0.532520325203252,0.9949186991869918,bending1:56;bending2:48;cycling:119;lying:120;sitting:120;standing:29,0:139;1:191;2:162,"{""0"": ""lying"", ""1"": ""sitting"", ""2"": ""cycling""}"
AReMActivities,activity,loose_auto_k4_w120,1,120,60,4,True,0.0,492,6,4,0.25412857504699354,0.4796747967479675,0.9949186991869918,bending1:56;bending2:48;cycling:119;lying:120;sitting:120;standing:29,0:90;1:53;2:152;3:197,"{""0"": ""lying"", ""1"": ""bending2"", ""2"": ""cycling"", ""3"": ""sitting""}"
AReMActivities,activity,forced_k4_w120,1,120,60,4,False,0.0,492,6,4,0.25412857504699354,0.4796747967479675,0.9949186991869918,bending1:56;bending2:48;cycling:119;lying:120;sitting:120;standing:29,0:90;1:53;2:152;3:197,"{""0"": ""lying"", ""1"": ""bending2"", ""2"": ""cycling"", ""3"": ""sitting""}"
AReMActivities,activity,loose_auto_k2_w300,1,300,150,2,True,0.0,197,6,2,0.2505899802096966,0.4873096446700508,0.9873096446700508,bending1:22;bending2:19;cycling:48;lying:48;sitting:48;standing:12,0:146;1:51,"{""0"": ""sitting"", ""1"": ""cycling""}"
AReMActivities,activity,forced_k2_w300,1,300,150,2,False,0.0,197,6,2,0.2505899802096966,0.4873096446700508,0.9873096446700508,bending1:22;bending2:19;cycling:48;lying:48;sitting:48;standing:12,0:146;1:51,"{""0"": ""sitting"", ""1"": ""cycling""}"
AReMActivities,activity,loose_auto_k3_w300,1,300,150,3,True,0.0,197,6,3,0.27346136126125115,0.5076142131979695,0.9873096446700508,bending1:22;bending2:19;cycling:48;lying:48;sitting:48;standing:12,0:50;1:28;2:119,"{""0"": ""cycling"", ""1"": ""lying"", ""2"": ""sitting""}"
AReMActivities,activity,forced_k3_w300,1,300,150,3,False,0.0,197,6,3,0.27346136126125115,0.5076142131979695,0.9873096446700508,bending1:22;bending2:19;cycling:48;lying:48;sitting:48;standing:12,0:50;1:28;2:119,"{""0"": ""cycling"", ""1"": ""lying"", ""2"": ""sitting""}"
AReMActivities,activity,loose_auto_k4_w300,1,300,150,4,True,0.0,197,6,4,0.30008994079402107,0.5126903553299492,0.9873096446700508,bending1:22;bending2:19;cycling:48;lying:48;sitting:48;standing:12,0:108;1:33;2:50;3:6,"{""0"": ""sitting"", ""1"": ""bending2"", ""2"": ""cycling"", ""3"": ""lying""}"
AReMActivities,activity,forced_k4_w300,1,300,150,4,False,0.0,197,6,4,0.30008994079402107,0.5126903553299492,0.9873096446700508,bending1:22;bending2:19;cycling:48;lying:48;sitting:48;standing:12,0:108;1:33;2:50;3:6,"{""0"": ""sitting"", ""1"": ""bending2"", ""2"": ""cycling"", ""3"": ""lying""}"
AReMActivities,activity,default_auto_k2_w300,2,300,150,2,True,0.12,197,6,1,0.0,0.2436548223350254,0.9873096446700508,bending1:22;bending2:19;cycling:48;lying:48;sitting:48;standing:12,0:197,"{""0"": ""cycling""}"
AReMActivities,activity,loose_auto_k2_w120,2,120,60,2,True,0.0,492,6,2,0.2075990334783887,0.4573170731707317,0.9949186991869918,bending1:56;bending2:48;cycling:119;lying:120;sitting:120;standing:29,0:316;1:176,"{""0"": ""lying"", ""1"": ""cycling""}"
AReMActivities,activity,forced_k2_w120,2,120,60,2,False,0.0,492,6,2,0.2075990334783887,0.4573170731707317,0.9949186991869918,bending1:56;bending2:48;cycling:119;lying:120;sitting:120;standing:29,0:316;1:176,"{""0"": ""lying"", ""1"": ""cycling""}"
AReMActivities,activity,loose_auto_k3_w120,2,120,60,3,True,0.0,492,6,3,0.26201761578199634,0.5223577235772358,0.9949186991869918,bending1:56;bending2:48;cycling:119;lying:120;sitting:120;standing:29,0:212;1:121;2:159,"{""0"": ""sitting"", ""1"": ""lying"", ""2"": ""cycling""}"
AReMActivities,activity,forced_k3_w120,2,120,60,3,False,0.0,492,6,3,0.26201761578199634,0.5223577235772358,0.9949186991869918,bending1:56;bending2:48;cycling:119;lying:120;sitting:120;standing:29,0:212;1:121;2:159,"{""0"": ""sitting"", ""1"": ""lying"", ""2"": ""cycling""}"
AReMActivities,activity,loose_auto_k4_w120,2,120,60,4,True,0.0,492,6,4,0.2689274014444734,0.46747967479674796,0.9949186991869918,bending1:56;bending2:48;cycling:119;lying:120;sitting:120;standing:29,0:93;1:64;2:141;3:194,"{""0"": ""bending1"", ""1"": ""lying"", ""2"": ""cycling"", ""3"": ""sitting""}"
AReMActivities,activity,forced_k4_w120,2,120,60,4,False,0.0,492,6,4,0.2689274014444734,0.46747967479674796,0.9949186991869918,bending1:56;bending2:48;cycling:119;lying:120;sitting:120;standing:29,0:93;1:64;2:141;3:194,"{""0"": ""bending1"", ""1"": ""lying"", ""2"": ""cycling"", ""3"": ""sitting""}"
AReMActivities,activity,loose_auto_k2_w300,2,300,150,2,True,0.0,197,6,2,0.2505899802096966,0.4873096446700508,0.9873096446700508,bending1:22;bending2:19;cycling:48;lying:48;sitting:48;standing:12,0:146;1:51,"{""0"": ""sitting"", ""1"": ""cycling""}"
AReMActivities,activity,forced_k2_w300,2,300,150,2,False,0.0,197,6,2,0.2505899802096966,0.4873096446700508,0.9873096446700508,bending1:22;bending2:19;cycling:48;lying:48;sitting:48;standing:12,0:146;1:51,"{""0"": ""sitting"", ""1"": ""cycling""}"
AReMActivities,activity,loose_auto_k3_w300,2,300,150,3,True,0.0,197,6,3,0.286621340388273,0.5025380710659898,0.9873096446700508,bending1:22;bending2:19;cycling:48;lying:48;sitting:48;standing:12,0:25;1:50;2:122,"{""0"": ""lying"", ""1"": ""cycling"", ""2"": ""sitting""}"
AReMActivities,activity,forced_k3_w300,2,300,150,3,False,0.0,197,6,3,0.286621340388273,0.5025380710659898,0.9873096446700508,bending1:22;bending2:19;cycling:48;lying:48;sitting:48;standing:12,0:25;1:50;2:122,"{""0"": ""lying"", ""1"": ""cycling"", ""2"": ""sitting""}"
AReMActivities,activity,loose_auto_k4_w300,2,300,150,4,True,0.0,197,6,4,0.229366906552697,0.5126903553299492,0.9873096446700508,bending1:22;bending2:19;cycling:48;lying:48;sitting:48;standing:12,0:32;1:32;2:114;3:19,"{""0"": ""lying"", ""1"": ""cycling"", ""2"": ""sitting"", ""3"": ""bending1""}"
AReMActivities,activity,forced_k4_w300,2,300,150,4,False,0.0,197,6,4,0.229366906552697,0.5126903553299492,0.9873096446700508,bending1:22;bending2:19;cycling:48;lying:48;sitting:48;standing:12,0:32;1:32;2:114;3:19,"{""0"": ""lying"", ""1"": ""cycling"", ""2"": ""sitting"", ""3"": ""bending1""}"
AReMActivities,activity,default_auto_k2_w300,3,300,150,2,True,0.12,197,6,1,0.0,0.2436548223350254,0.9873096446700508,bending1:22;bending2:19;cycling:48;lying:48;sitting:48;standing:12,0:197,"{""0"": ""cycling""}"
AReMActivities,activity,loose_auto_k2_w120,3,120,60,2,True,0.0,492,6,2,0.20951623388868726,0.45934959349593496,0.9949186991869918,bending1:56;bending2:48;cycling:119;lying:120;sitting:120;standing:29,0:319;1:173,"{""0"": ""lying"", ""1"": ""cycling""}"
AReMActivities,activity,forced_k2_w120,3,120,60,2,False,0.0,492,6,2,0.20951623388868726,0.45934959349593496,0.9949186991869918,bending1:56;bending2:48;cycling:119;lying:120;sitting:120;standing:29,0:319;1:173,"{""0"": ""lying"", ""1"": ""cycling""}"
AReMActivities,activity,loose_auto_k3_w120,3,120,60,3,True,0.0,492,6,3,0.2554559579736449,0.5142276422764228,0.9949186991869918,bending1:56;bending2:48;cycling:119;lying:120;sitting:120;standing:29,0:121;1:163;2:208,"{""0"": ""lying"", ""1"": ""cycling"", ""2"": ""sitting""}"
AReMActivities,activity,forced_k3_w120,3,120,60,3,False,0.0,492,6,3,0.2554559579736449,0.5142276422764228,0.9949186991869918,bending1:56;bending2:48;cycling:119;lying:120;sitting:120;standing:29,0:121;1:163;2:208,"{""0"": ""lying"", ""1"": ""cycling"", ""2"": ""sitting""}"
AReMActivities,activity,loose_auto_k4_w120,3,120,60,4,True,0.0,492,6,4,0.26832389705891224,0.47764227642276424,0.9949186991869918,bending1:56;bending2:48;cycling:119;lying:120;sitting:120;standing:29,0:146;1:205;2:51;3:90,"{""0"": ""cycling"", ""1"": ""sitting"", ""2"": ""lying"", ""3"": ""bending1""}"
AReMActivities,activity,forced_k4_w120,3,120,60,4,False,0.0,492,6,4,0.26832389705891224,0.47764227642276424,0.9949186991869918,bending1:56;bending2:48;cycling:119;lying:120;sitting:120;standing:29,0:146;1:205;2:51;3:90,"{""0"": ""cycling"", ""1"": ""sitting"", ""2"": ""lying"", ""3"": ""bending1""}"
AReMActivities,activity,loose_auto_k2_w300,3,300,150,2,True,0.0,197,6,2,0.2505899802096966,0.4873096446700508,0.9873096446700508,bending1:22;bending2:19;cycling:48;lying:48;sitting:48;standing:12,0:146;1:51,"{""0"": ""sitting"", ""1"": ""cycling""}"
AReMActivities,activity,forced_k2_w300,3,300,150,2,False,0.0,197,6,2,0.2505899802096966,0.4873096446700508,0.9873096446700508,bending1:22;bending2:19;cycling:48;lying:48;sitting:48;standing:12,0:146;1:51,"{""0"": ""sitting"", ""1"": ""cycling""}"
AReMActivities,activity,loose_auto_k3_w300,3,300,150,3,True,0.0,197,6,3,0.3145826665592322,0.49746192893401014,0.9873096446700508,bending1:22;bending2:19;cycling:48;lying:48;sitting:48;standing:12,0:40;1:107;2:50,"{""0"": ""bending2"", ""1"": ""lying"", ""2"": ""cycling""}"
AReMActivities,activity,forced_k3_w300,3,300,150,3,False,0.0,197,6,3,0.3145826665592322,0.49746192893401014,0.9873096446700508,bending1:22;bending2:19;cycling:48;lying:48;sitting:48;standing:12,0:40;1:107;2:50,"{""0"": ""bending2"", ""1"": ""lying"", ""2"": ""cycling""}"
AReMActivities,activity,loose_auto_k4_w300,3,300,150,4,True,0.0,197,6,4,0.23365416979189876,0.5228426395939086,0.9873096446700508,bending1:22;bending2:19;cycling:48;lying:48;sitting:48;standing:12,0:114;1:35;2:32;3:16,"{""0"": ""sitting"", ""1"": ""cycling"", ""2"": ""lying"", ""3"": ""bending1""}"
AReMActivities,activity,forced_k4_w300,3,300,150,4,False,0.0,197,6,4,0.23365416979189876,0.5228426395939086,0.9873096446700508,bending1:22;bending2:19;cycling:48;lying:48;sitting:48;standing:12,0:114;1:35;2:32;3:16,"{""0"": ""sitting"", ""1"": ""cycling"", ""2"": ""lying"", ""3"": ""bending1""}"
AReMActivities,activity,default_auto_k2_w300,4,300,150,2,True,0.12,197,6,1,0.0,0.2436548223350254,0.9873096446700508,bending1:22;bending2:19;cycling:48;lying:48;sitting:48;standing:12,0:197,"{""0"": ""cycling""}"
AReMActivities,activity,loose_auto_k2_w120,4,120,60,2,True,0.0,492,6,2,0.20888090883016297,0.4573170731707317,0.9949186991869918,bending1:56;bending2:48;cycling:119;lying:120;sitting:120;standing:29,0:321;1:171,"{""0"": ""lying"", ""1"": ""cycling""}"
AReMActivities,activity,forced_k2_w120,4,120,60,2,False,0.0,492,6,2,0.20888090883016297,0.4573170731707317,0.9949186991869918,bending1:56;bending2:48;cycling:119;lying:120;sitting:120;standing:29,0:321;1:171,"{""0"": ""lying"", ""1"": ""cycling""}"
AReMActivities,activity,loose_auto_k3_w120,4,120,60,3,True,0.0,492,6,3,0.2467867011101143,0.5142276422764228,0.9949186991869918,bending1:56;bending2:48;cycling:119;lying:120;sitting:120;standing:29,0:114;1:215;2:163,"{""0"": ""lying"", ""1"": ""sitting"", ""2"": ""cycling""}"
AReMActivities,activity,forced_k3_w120,4,120,60,3,False,0.0,492,6,3,0.2467867011101143,0.5142276422764228,0.9949186991869918,bending1:56;bending2:48;cycling:119;lying:120;sitting:120;standing:29,0:114;1:215;2:163,"{""0"": ""lying"", ""1"": ""sitting"", ""2"": ""cycling""}"
AReMActivities,activity,loose_auto_k4_w120,4,120,60,4,True,0.0,492,6,4,0.27665002852265846,0.4898373983739837,0.9949186991869918,bending1:56;bending2:48;cycling:119;lying:120;sitting:120;standing:29,0:183;1:142;2:68;3:99,"{""0"": ""sitting"", ""1"": ""cycling"", ""2"": ""bending1"", ""3"": ""lying""}"
AReMActivities,activity,forced_k4_w120,4,120,60,4,False,0.0,492,6,4,0.27665002852265846,0.4898373983739837,0.9949186991869918,bending1:56;bending2:48;cycling:119;lying:120;sitting:120;standing:29,0:183;1:142;2:68;3:99,"{""0"": ""sitting"", ""1"": ""cycling"", ""2"": ""bending1"", ""3"": ""lying""}"
AReMActivities,activity,loose_auto_k2_w300,4,300,150,2,True,0.0,197,6,2,0.2505899802096966,0.4873096446700508,0.9873096446700508,bending1:22;bending2:19;cycling:48;lying:48;sitting:48;standing:12,0:51;1:146,"{""0"": ""cycling"", ""1"": ""sitting""}"
AReMActivities,activity,forced_k2_w300,4,300,150,2,False,0.0,197,6,2,0.2505899802096966,0.4873096446700508,0.9873096446700508,bending1:22;bending2:19;cycling:48;lying:48;sitting:48;standing:12,0:51;1:146,"{""0"": ""cycling"", ""1"": ""sitting""}"
AReMActivities,activity,loose_auto_k3_w300,4,300,150,3,True,0.0,197,6,3,0.32243681853041145,0.5989847715736041,0.9873096446700508,bending1:22;bending2:19;cycling:48;lying:48;sitting:48;standing:12,0:37;1:109;2:51,"{""0"": ""lying"", ""1"": ""sitting"", ""2"": ""cycling""}"
AReMActivities,activity,forced_k3_w300,4,300,150,3,False,0.0,197,6,3,0.32243681853041145,0.5989847715736041,0.9873096446700508,bending1:22;bending2:19;cycling:48;lying:48;sitting:48;standing:12,0:37;1:109;2:51,"{""0"": ""lying"", ""1"": ""sitting"", ""2"": ""cycling""}"
AReMActivities,activity,loose_auto_k4_w300,4,300,150,4,True,0.0,197,6,4,0.34758900427049894,0.5888324873096447,0.9873096446700508,bending1:22;bending2:19;cycling:48;lying:48;sitting:48;standing:12,0:49;1:21;2:41;3:86,"{""0"": ""cycling"", ""1"": ""bending2"", ""2"": ""lying"", ""3"": ""sitting""}"
AReMActivities,activity,forced_k4_w300,4,300,150,4,False,0.0,197,6,4,0.34758900427049894,0.5888324873096447,0.9873096446700508,bending1:22;bending2:19;cycling:48;lying:48;sitting:48;standing:12,0:49;1:21;2:41;3:86,"{""0"": ""cycling"", ""1"": ""bending2"", ""2"": ""lying"", ""3"": ""sitting""}"
