dataset,seed,rank,lag,source,target,source_index,target_index,score
synthetic_switching,0,1,1,x2,x4,2,4,0.37525517569594297
synthetic_switching,0,2,1,x6,x5,6,5,0.35033683766837187
synthetic_switching,0,3,1,x1,x3,1,3,0.34292161066682897
synthetic_switching,0,4,1,x1,x5,1,5,0.33823198957446826
synthetic_switching,0,5,1,x7,x6,7,6,0.3113480329566484
synthetic_switching,0,6,1,x0,x2,0,2,0.30242093783241514
synthetic_switching,0,7,1,x0,x3,0,3,0.30185288943657285
synthetic_switching,0,8,1,x4,x0,4,0,0.2737850287496299
synthetic_switching,0,9,1,x1,x7,1,7,0.2295605879660942
synthetic_switching,0,10,3,x5,x4,5,4,0.2234871395099286
synthetic_switching,0,11,2,x5,x7,5,7,0.20503446672427506
synthetic_switching,0,12,2,x2,x6,2,6,0.20083156132481655
synthetic_switching,0,13,1,x7,x3,7,3,0.19033205681538606
synthetic_switching,0,14,3,x6,x1,6,1,0.18928977866899208
synthetic_switching,0,15,1,x5,x3,5,3,0.18120276182972198
synthetic_switching,0,16,2,x3,x1,3,1,0.1680018537991831
synthetic_switching,0,17,3,x4,x1,4,1,0.160717447908097
synthetic_switching,0,18,1,x6,x0,6,0,0.15769927219451438
synthetic_switching,0,19,2,x6,x2,6,2,0.15514769447245233
synthetic_switching,0,20,1,x6,x7,6,7,0.1370350448277176
synthetic_switching,0,21,3,x1,x5,1,5,0.1310828450132595
synthetic_switching,0,22,3,x2,x4,2,4,0.1289393119727754
synthetic_switching,0,23,3,x1,x6,1,6,0.12508495155534582
synthetic_switching,0,24,3,x4,x5,4,5,0.12245273604677231
synthetic_switching,0,25,3,x1,x7,1,7,0.12002643060870363
synthetic_switching,0,26,3,x3,x1,3,1,0.11803107806662877
synthetic_switching,0,27,3,x3,x2,3,2,0.1137543580516664
synthetic_switching,0,28,2,x6,x4,6,4,0.10920961527930767
synthetic_switching,0,29,2,x7,x5,7,5,0.1086277779323247
synthetic_switching,0,30,1,x6,x3,6,3,0.10808057093911577
synthetic_switching,1,1,1,x0,x6,0,6,0.27839099237788467
synthetic_switching,1,2,1,x0,x7,0,7,0.26192692668504325
synthetic_switching,1,3,1,x2,x6,2,6,0.2487079210339985
synthetic_switching,1,4,1,x7,x1,7,1,0.23619481082902677
synthetic_switching,1,5,1,x4,x7,4,7,0.21969373751977825
synthetic_switching,1,6,1,x7,x5,7,5,0.20131452625376825
synthetic_switching,1,7,1,x3,x7,3,7,0.1912834686274538
synthetic_switching,1,8,1,x0,x3,0,3,0.19015584013038403
synthetic_switching,1,9,1,x7,x2,7,2,0.1889406789761392
synthetic_switching,1,10,1,x0,x2,0,2,0.18719129181101804
synthetic_switching,1,11,1,x6,x0,6,0,0.1789395190984422
synthetic_switching,1,12,2,x6,x2,6,2,0.1705388190308168
synthetic_switching,1,13,2,x7,x5,7,5,0.16849984207072805
synthetic_switching,1,14,1,x3,x4,3,4,0.16274256998453632
synthetic_switching,1,15,3,x0,x5,0,5,0.15840090646911092
synthetic_switching,1,16,3,x2,x4,2,4,0.15121798007850815
synthetic_switching,1,17,3,x2,x1,2,1,0.1363500376035075
synthetic_switching,1,18,2,x5,x0,5,0,0.13478470376055574
synthetic_switching,1,19,3,x4,x6,4,6,0.1335599992807958
synthetic_switching,1,20,1,x2,x5,2,5,0.12400649605628232
synthetic_switching,1,21,3,x6,x3,6,3,0.12345484189497286
synthetic_switching,1,22,1,x2,x1,2,1,0.12253657490290108
synthetic_switching,1,23,1,x6,x7,6,7,0.12178305223036444
synthetic_switching,1,24,3,x4,x1,4,1,0.11548175504569025
synthetic_switching,1,25,3,x6,x0,6,0,0.11330084051039092
synthetic_switching,1,26,1,x1,x5,1,5,0.11156834527079562
synthetic_switching,1,27,2,x7,x4,7,4,0.10752611774080367
synthetic_switching,1,28,2,x4,x2,4,2,0.10643054621401994
synthetic_switching,1,29,3,x2,x5,2,5,0.10619441185822302
synthetic_switching,1,30,1,x5,x3,5,3,0.10611033349763224
synthetic_switching,2,1,1,x6,x1,6,1,0.32471475534091937
synthetic_switching,2,2,1,x2,x0,2,0,0.276480626254644
synthetic_switching,2,3,1,x4,x2,4,2,0.24917741853400538
synthetic_switching,2,4,1,x3,x4,3,4,0.2390462724488686
synthetic_switching,2,5,1,x4,x1,4,1,0.2339658719614413
synthetic_switching,2,6,1,x7,x4,7,4,0.2215331990367848
synthetic_switching,2,7,1,x4,x7,4,7,0.21442925805273477
synthetic_switching,2,8,1,x1,x2,1,2,0.20481939044958447
synthetic_switching,2,9,1,x3,x5,3,5,0.18598105269376627
synthetic_switching,2,10,1,x3,x6,3,6,0.17984958849001303
synthetic_switching,2,11,1,x1,x0,1,0,0.17898249323755577
synthetic_switching,2,12,1,x0,x7,0,7,0.17879416776882232
synthetic_switching,2,13,1,x5,x3,5,3,0.17751276677678401
synthetic_switching,2,14,1,x1,x4,1,4,0.1659893855335202
synthetic_switching,2,15,2,x4,x5,4,5,0.15287565804278969
synthetic_switching,2,16,2,x7,x3,7,3,0.15246581707844392
synthetic_switching,2,17,3,x2,x6,2,6,0.13932048693778376
synthetic_switching,2,18,1,x5,x1,5,1,0.1337032633224478
synthetic_switching,2,19,1,x0,x3,0,3,0.13198480073989682
synthetic_switching,2,20,2,x1,x7,1,7,0.12941660652924947
synthetic_switching,2,21,2,x5,x4,5,4,0.1278296604380719
synthetic_switching,2,22,3,x4,x1,4,1,0.1246171794977857
synthetic_switching,2,23,3,x6,x7,6,7,0.12174717687702637
synthetic_switching,2,24,1,x1,x7,1,7,0.11995877854289727
synthetic_switching,2,25,3,x2,x7,2,7,0.11956485611002707
synthetic_switching,2,26,1,x0,x4,0,4,0.11776864312702734
synthetic_switching,2,27,3,x3,x1,3,1,0.11631151981696847
synthetic_switching,2,28,2,x3,x0,3,0,0.11182509965160883
synthetic_switching,2,29,1,x0,x6,0,6,0.11161233430679701
synthetic_switching,2,30,1,x1,x3,1,3,0.11134983745259067
synthetic_switching,3,1,1,x3,x4,3,4,0.31852847145639895
synthetic_switching,3,2,1,x2,x4,2,4,0.25645170894906555
synthetic_switching,3,3,1,x0,x4,0,4,0.2516004958545559
synthetic_switching,3,4,1,x7,x0,7,0,0.17132634189280233
synthetic_switching,3,5,1,x0,x1,0,1,0.16400133569332118
synthetic_switching,3,6,1,x3,x5,3,5,0.16104602624696368
synthetic_switching,3,7,1,x7,x2,7,2,0.15907355305037357
synthetic_switching,3,8,1,x0,x7,0,7,0.15844985911666776
synthetic_switching,3,9,1,x3,x2,3,2,0.1533002649415666
synthetic_switching,3,10,2,x6,x0,6,0,0.15300126033579878
synthetic_switching,3,11,3,x4,x5,4,5,0.14939214264129133
synthetic_switching,3,12,1,x6,x3,6,3,0.14822912888116951
synthetic_switching,3,13,3,x4,x7,4,7,0.14748207089610774
synthetic_switching,3,14,1,x1,x7,1,7,0.14267648999727217
synthetic_switching,3,15,3,x0,x5,0,5,0.1418097369405947
synthetic_switching,3,16,2,x6,x2,6,2,0.14124980614195226
synthetic_switching,3,17,1,x3,x7,3,7,0.14084336914605688
synthetic_switching,3,18,2,x5,x2,5,2,0.13815801727659224
synthetic_switching,3,19,1,x2,x1,2,1,0.13675705685228517
synthetic_switching,3,20,1,x5,x3,5,3,0.12937158402198232
synthetic_switching,3,21,1,x2,x7,2,7,0.12878628691822086
synthetic_switching,3,22,3,x0,x7,0,7,0.12268753376792375
synthetic_switching,3,23,3,x7,x5,7,5,0.11974782237342943
synthetic_switching,3,24,1,x5,x7,5,7,0.11864429562905981
synthetic_switching,3,25,2,x5,x7,5,7,0.11842655461816773
synthetic_switching,3,26,1,x1,x5,1,5,0.11750295433133204
synthetic_switching,3,27,1,x1,x0,1,0,0.11581066254676378
synthetic_switching,3,28,1,x1,x4,1,4,0.11452842224651177
synthetic_switching,3,29,2,x1,x0,1,0,0.1143343170415024
synthetic_switching,3,30,2,x3,x2,3,2,0.1125682474923357
synthetic_switching,4,1,1,x2,x7,2,7,0.401014610597236
synthetic_switching,4,2,3,x7,x5,7,5,0.2360008012836179
synthetic_switching,4,3,1,x7,x4,7,4,0.2340172362192129
synthetic_switching,4,4,1,x6,x3,6,3,0.22628034638822045
synthetic_switching,4,5,1,x0,x2,0,2,0.2107525430855703
synthetic_switching,4,6,2,x2,x5,2,5,0.17661413306565818
synthetic_switching,4,7,1,x3,x4,3,4,0.17048543422199883
synthetic_switching,4,8,2,x3,x7,3,7,0.16698821111555068
synthetic_switching,4,9,1,x6,x4,6,4,0.16695555399693934
synthetic_switching,4,10,3,x4,x2,4,2,0.1529615536285373
synthetic_switching,4,11,1,x0,x7,0,7,0.1525673551752814
synthetic_switching,4,12,3,x3,x1,3,1,0.1513524420205098
synthetic_switching,4,13,2,x2,x7,2,7,0.14923362126724687
synthetic_switching,4,14,1,x0,x3,0,3,0.14782193123706538
synthetic_switching,4,15,2,x3,x4,3,4,0.14771449490418465
synthetic_switching,4,16,2,x4,x3,4,3,0.14209787728323225
synthetic_switching,4,17,2,x0,x1,0,1,0.13829459011453155
synthetic_switching,4,18,1,x3,x1,3,1,0.13782652571452067
synthetic_switching,4,19,2,x5,x1,5,1,0.13782426257737165
synthetic_switching,4,20,1,x2,x4,2,4,0.13697658755678507
synthetic_switching,4,21,2,x1,x3,1,3,0.1368719881492099
synthetic_switching,4,22,3,x1,x7,1,7,0.13111660714455062
synthetic_switching,4,23,2,x1,x4,1,4,0.12617331183435515
synthetic_switching,4,24,2,x6,x7,6,7,0.12608800055112876
synthetic_switching,4,25,2,x5,x6,5,6,0.12086495959909171
synthetic_switching,4,26,1,x5,x2,5,2,0.11912760950176063
synthetic_switching,4,27,2,x2,x0,2,0,0.11828820759908493
synthetic_switching,4,28,2,x2,x6,2,6,0.11746539606957453
synthetic_switching,4,29,1,x6,x2,6,2,0.11588356067892347
synthetic_switching,4,30,2,x7,x0,7,0,0.11470617650277187
