dataset,seed,method,graph_fraction,lasso_alpha,window_size,window_stride,feature_budget_per_target,mae,rmse,node_rmse_mean,node_rmse_max
ETTh1,0,Persistence,0.25,0.001,300,150,0,0.269241262267238,0.439274730676546,0.4061337454035368,0.573608722921841
ETTh1,0,Dense Ridge,0.25,0.001,300,150,0,0.26226889010382226,0.4085396524529783,0.3801217388346658,0.5554508338509985
ETTh1,0,Nonself Dense Ridge,0.25,0.001,300,150,18,0.520903788511754,0.7777923460283843,0.6517220561916925,1.6628422285320914
ETTh1,0,DynVAR-Lasso Graph Ridge,0.25,0.001,300,150,5,0.5877959907394182,0.7977705840746527,0.7329706250619455,1.4562238962023861
ETTh1,0,STCG-v1 Graph Ridge,0.25,0.001,300,150,5,0.5877959907394182,0.7977705840746527,0.7329706250619455,1.4562238962023861
ETTh1,0,Persistence,0.5,0.001,300,150,0,0.269241262267238,0.439274730676546,0.4061337454035368,0.573608722921841
ETTh1,0,Dense Ridge,0.5,0.001,300,150,0,0.26226889010382226,0.4085396524529783,0.3801217388346658,0.5554508338509985
ETTh1,0,Nonself Dense Ridge,0.5,0.001,300,150,18,0.520903788511754,0.7777923460283843,0.6517220561916925,1.6628422285320914
ETTh1,0,DynVAR-Lasso Graph Ridge,0.5,0.001,300,150,9,0.5393261719749152,0.7876937336430264,0.6738434380142929,1.646193348777689
ETTh1,0,STCG-v1 Graph Ridge,0.5,0.001,300,150,9,0.5393261719749152,0.7876937336430264,0.6738434380142929,1.646193348777689
ETTh1,0,Persistence,0.75,0.001,300,150,0,0.269241262267238,0.439274730676546,0.4061337454035368,0.573608722921841
ETTh1,0,Dense Ridge,0.75,0.001,300,150,0,0.26226889010382226,0.4085396524529783,0.3801217388346658,0.5554508338509985
ETTh1,0,Nonself Dense Ridge,0.75,0.001,300,150,18,0.520903788511754,0.7777923460283843,0.6517220561916925,1.6628422285320914
ETTh1,0,DynVAR-Lasso Graph Ridge,0.75,0.001,300,150,14,0.5272499392461288,0.7816103242411998,0.6598319793836698,1.660205069652454
ETTh1,0,STCG-v1 Graph Ridge,0.75,0.001,300,150,14,0.5272499392461288,0.7816103242411998,0.6598319793836698,1.660205069652454
ETTh1,0,Persistence,1.0,0.001,300,150,0,0.269241262267238,0.439274730676546,0.4061337454035368,0.573608722921841
ETTh1,0,Dense Ridge,1.0,0.001,300,150,0,0.26226889010382226,0.4085396524529783,0.3801217388346658,0.5554508338509985
ETTh1,0,Nonself Dense Ridge,1.0,0.001,300,150,18,0.520903788511754,0.7777923460283843,0.6517220561916925,1.6628422285320914
ETTh1,0,DynVAR-Lasso Graph Ridge,1.0,0.001,300,150,18,0.520903788511754,0.7777923460283843,0.6517220561916925,1.6628422285320914
ETTh1,0,STCG-v1 Graph Ridge,1.0,0.001,300,150,18,0.520903788511754,0.7777923460283843,0.6517220561916925,1.6628422285320914
ETTh1,0,Persistence,0.25,0.001,600,300,0,0.269241262267238,0.439274730676546,0.4061337454035368,0.573608722921841
ETTh1,0,Dense Ridge,0.25,0.001,600,300,0,0.26226889010382226,0.4085396524529783,0.3801217388346658,0.5554508338509985
ETTh1,0,Nonself Dense Ridge,0.25,0.001,600,300,18,0.520903788511754,0.7777923460283843,0.6517220561916925,1.6628422285320914
ETTh1,0,DynVAR-Lasso Graph Ridge,0.25,0.001,600,300,5,0.5505192852623596,0.7765487456207105,0.6893738343541636,1.5214552788603373
ETTh1,0,STCG-v1 Graph Ridge,0.25,0.001,600,300,5,0.5505192852623596,0.7765487456207105,0.6893738343541636,1.5214552788603373
ETTh1,0,Persistence,0.5,0.001,600,300,0,0.269241262267238,0.439274730676546,0.4061337454035368,0.573608722921841
ETTh1,0,Dense Ridge,0.5,0.001,600,300,0,0.26226889010382226,0.4085396524529783,0.3801217388346658,0.5554508338509985
ETTh1,0,Nonself Dense Ridge,0.5,0.001,600,300,18,0.520903788511754,0.7777923460283843,0.6517220561916925,1.6628422285320914
ETTh1,0,DynVAR-Lasso Graph Ridge,0.5,0.001,600,300,9,0.5259257356543776,0.777321713610956,0.6577812068534422,1.6478379153517493
ETTh1,0,STCG-v1 Graph Ridge,0.5,0.001,600,300,9,0.5259257356543776,0.777321713610956,0.6577812068534422,1.6478379153517493
ETTh1,0,Persistence,0.75,0.001,600,300,0,0.269241262267238,0.439274730676546,0.4061337454035368,0.573608722921841
ETTh1,0,Dense Ridge,0.75,0.001,600,300,0,0.26226889010382226,0.4085396524529783,0.3801217388346658,0.5554508338509985
ETTh1,0,Nonself Dense Ridge,0.75,0.001,600,300,18,0.520903788511754,0.7777923460283843,0.6517220561916925,1.6628422285320914
ETTh1,0,DynVAR-Lasso Graph Ridge,0.75,0.001,600,300,14,0.5229222585654772,0.7782564403076867,0.6543711442394485,1.6587625246414375
ETTh1,0,STCG-v1 Graph Ridge,0.75,0.001,600,300,14,0.5229222585654772,0.7782564403076867,0.6543711442394485,1.6587625246414375
ETTh1,0,Persistence,1.0,0.001,600,300,0,0.269241262267238,0.439274730676546,0.4061337454035368,0.573608722921841
ETTh1,0,Dense Ridge,1.0,0.001,600,300,0,0.26226889010382226,0.4085396524529783,0.3801217388346658,0.5554508338509985
ETTh1,0,Nonself Dense Ridge,1.0,0.001,600,300,18,0.520903788511754,0.7777923460283843,0.6517220561916925,1.6628422285320914
ETTh1,0,DynVAR-Lasso Graph Ridge,1.0,0.001,600,300,18,0.520903788511754,0.7777923460283843,0.6517220561916925,1.6628422285320914
ETTh1,0,STCG-v1 Graph Ridge,1.0,0.001,600,300,18,0.520903788511754,0.7777923460283843,0.6517220561916925,1.6628422285320914
ETTh1,0,Persistence,0.25,0.001,1200,600,0,0.269241262267238,0.439274730676546,0.4061337454035368,0.573608722921841
ETTh1,0,Dense Ridge,0.25,0.001,1200,600,0,0.26226889010382226,0.4085396524529783,0.3801217388346658,0.5554508338509985
ETTh1,0,Nonself Dense Ridge,0.25,0.001,1200,600,18,0.520903788511754,0.7777923460283843,0.6517220561916925,1.6628422285320914
ETTh1,0,DynVAR-Lasso Graph Ridge,0.25,0.001,1200,600,5,0.5287768593770834,0.7709667367778522,0.6591953890709777,1.613257736672157
ETTh1,0,STCG-v1 Graph Ridge,0.25,0.001,1200,600,5,0.5092499755430173,0.7577076254004201,0.6422437379525997,1.613257736672157
ETTh1,0,Persistence,0.5,0.001,1200,600,0,0.269241262267238,0.439274730676546,0.4061337454035368,0.573608722921841
ETTh1,0,Dense Ridge,0.5,0.001,1200,600,0,0.26226889010382226,0.4085396524529783,0.3801217388346658,0.5554508338509985
ETTh1,0,Nonself Dense Ridge,0.5,0.001,1200,600,18,0.520903788511754,0.7777923460283843,0.6517220561916925,1.6628422285320914
ETTh1,0,DynVAR-Lasso Graph Ridge,0.5,0.001,1200,600,9,0.5232704922480963,0.7708945010056393,0.6554276652507164,1.6217199979340957
ETTh1,0,STCG-v1 Graph Ridge,0.5,0.001,1200,600,9,0.5053690520913187,0.7598689249705503,0.6343942621455708,1.6480857130941131
ETTh1,0,Persistence,0.75,0.001,1200,600,0,0.269241262267238,0.439274730676546,0.4061337454035368,0.573608722921841
ETTh1,0,Dense Ridge,0.75,0.001,1200,600,0,0.26226889010382226,0.4085396524529783,0.3801217388346658,0.5554508338509985
ETTh1,0,Nonself Dense Ridge,0.75,0.001,1200,600,18,0.520903788511754,0.7777923460283843,0.6517220561916925,1.6628422285320914
ETTh1,0,DynVAR-Lasso Graph Ridge,0.75,0.001,1200,600,14,0.5237815123044565,0.7789325452233431,0.6551908181425757,1.6590590069722324
ETTh1,0,STCG-v1 Graph Ridge,0.75,0.001,1200,600,14,0.5231255517681073,0.7783973437062569,0.6545229870298189,1.659071446696973
ETTh1,0,Persistence,1.0,0.001,1200,600,0,0.269241262267238,0.439274730676546,0.4061337454035368,0.573608722921841
ETTh1,0,Dense Ridge,1.0,0.001,1200,600,0,0.26226889010382226,0.4085396524529783,0.3801217388346658,0.5554508338509985
ETTh1,0,Nonself Dense Ridge,1.0,0.001,1200,600,18,0.520903788511754,0.7777923460283843,0.6517220561916925,1.6628422285320914
ETTh1,0,DynVAR-Lasso Graph Ridge,1.0,0.001,1200,600,18,0.520903788511754,0.7777923460283843,0.6517220561916925,1.6628422285320914
ETTh1,0,STCG-v1 Graph Ridge,1.0,0.001,1200,600,18,0.520903788511754,0.7777923460283843,0.6517220561916925,1.6628422285320914
ETTh1,0,Persistence,0.25,0.003,300,150,0,0.269241262267238,0.439274730676546,0.4061337454035368,0.573608722921841
ETTh1,0,Dense Ridge,0.25,0.003,300,150,0,0.26226889010382226,0.4085396524529783,0.3801217388346658,0.5554508338509985
ETTh1,0,Nonself Dense Ridge,0.25,0.003,300,150,18,0.520903788511754,0.7777923460283843,0.6517220561916925,1.6628422285320914
ETTh1,0,DynVAR-Lasso Graph Ridge,0.25,0.003,300,150,5,0.5076593269324057,0.7270968119002319,0.6400361708747789,1.4694574389348252
ETTh1,0,STCG-v1 Graph Ridge,0.25,0.003,300,150,5,0.5076593269324057,0.7270968119002319,0.6400361708747789,1.4694574389348252
ETTh1,0,Persistence,0.5,0.003,300,150,0,0.269241262267238,0.439274730676546,0.4061337454035368,0.573608722921841
ETTh1,0,Dense Ridge,0.5,0.003,300,150,0,0.26226889010382226,0.4085396524529783,0.3801217388346658,0.5554508338509985
ETTh1,0,Nonself Dense Ridge,0.5,0.003,300,150,18,0.520903788511754,0.7777923460283843,0.6517220561916925,1.6628422285320914
ETTh1,0,DynVAR-Lasso Graph Ridge,0.5,0.003,300,150,9,0.5254603722019697,0.7770973911704293,0.6577501276801664,1.646193348777689
ETTh1,0,STCG-v1 Graph Ridge,0.5,0.003,300,150,9,0.5254603722019697,0.7770973911704293,0.6577501276801664,1.646193348777689
ETTh1,0,Persistence,0.75,0.003,300,150,0,0.269241262267238,0.439274730676546,0.4061337454035368,0.573608722921841
ETTh1,0,Dense Ridge,0.75,0.003,300,150,0,0.26226889010382226,0.4085396524529783,0.3801217388346658,0.5554508338509985
ETTh1,0,Nonself Dense Ridge,0.75,0.003,300,150,18,0.520903788511754,0.7777923460283843,0.6517220561916925,1.6628422285320914
ETTh1,0,DynVAR-Lasso Graph Ridge,0.75,0.003,300,150,14,0.5203306146069736,0.7758235626294063,0.6522268216214497,1.6549460941173828
ETTh1,0,STCG-v1 Graph Ridge,0.75,0.003,300,150,14,0.5203306146069736,0.7758235626294063,0.6522268216214497,1.6549460941173828
ETTh1,0,Persistence,1.0,0.003,300,150,0,0.269241262267238,0.439274730676546,0.4061337454035368,0.573608722921841
ETTh1,0,Dense Ridge,1.0,0.003,300,150,0,0.26226889010382226,0.4085396524529783,0.3801217388346658,0.5554508338509985
ETTh1,0,Nonself Dense Ridge,1.0,0.003,300,150,18,0.520903788511754,0.7777923460283843,0.6517220561916925,1.6628422285320914
ETTh1,0,DynVAR-Lasso Graph Ridge,1.0,0.003,300,150,18,0.520903788511754,0.7777923460283843,0.6517220561916925,1.6628422285320914
ETTh1,0,STCG-v1 Graph Ridge,1.0,0.003,300,150,18,0.520903788511754,0.7777923460283843,0.6517220561916925,1.6628422285320914
ETTh1,0,Persistence,0.25,0.003,600,300,0,0.269241262267238,0.439274730676546,0.4061337454035368,0.573608722921841
ETTh1,0,Dense Ridge,0.25,0.003,600,300,0,0.26226889010382226,0.4085396524529783,0.3801217388346658,0.5554508338509985
ETTh1,0,Nonself Dense Ridge,0.25,0.003,600,300,18,0.520903788511754,0.7777923460283843,0.6517220561916925,1.6628422285320914
ETTh1,0,DynVAR-Lasso Graph Ridge,0.25,0.003,600,300,5,0.5313880973724636,0.7793181459764821,0.662890658702964,1.613096638720609
ETTh1,0,STCG-v1 Graph Ridge,0.25,0.003,600,300,5,0.5313880973724636,0.7793181459764821,0.662890658702964,1.613096638720609
ETTh1,0,Persistence,0.5,0.003,600,300,0,0.269241262267238,0.439274730676546,0.4061337454035368,0.573608722921841
ETTh1,0,Dense Ridge,0.5,0.003,600,300,0,0.26226889010382226,0.4085396524529783,0.3801217388346658,0.5554508338509985
ETTh1,0,Nonself Dense Ridge,0.5,0.003,600,300,18,0.520903788511754,0.7777923460283843,0.6517220561916925,1.6628422285320914
ETTh1,0,DynVAR-Lasso Graph Ridge,0.5,0.003,600,300,9,0.5070469736584591,0.7613859393075489,0.6355499192974323,1.6518593177999354
ETTh1,0,STCG-v1 Graph Ridge,0.5,0.003,600,300,9,0.5070469736584591,0.7613859393075489,0.6355499192974323,1.6518593177999354
ETTh1,0,Persistence,0.75,0.003,600,300,0,0.269241262267238,0.439274730676546,0.4061337454035368,0.573608722921841
ETTh1,0,Dense Ridge,0.75,0.003,600,300,0,0.26226889010382226,0.4085396524529783,0.3801217388346658,0.5554508338509985
ETTh1,0,Nonself Dense Ridge,0.75,0.003,600,300,18,0.520903788511754,0.7777923460283843,0.6517220561916925,1.6628422285320914
ETTh1,0,DynVAR-Lasso Graph Ridge,0.75,0.003,600,300,14,0.522039311057461,0.777585575496994,0.6532510061057036,1.6587625246414375
ETTh1,0,STCG-v1 Graph Ridge,0.75,0.003,600,300,14,0.522039311057461,0.777585575496994,0.6532510061057036,1.6587625246414375
ETTh1,0,Persistence,1.0,0.003,600,300,0,0.269241262267238,0.439274730676546,0.4061337454035368,0.573608722921841
ETTh1,0,Dense Ridge,1.0,0.003,600,300,0,0.26226889010382226,0.4085396524529783,0.3801217388346658,0.5554508338509985
ETTh1,0,Nonself Dense Ridge,1.0,0.003,600,300,18,0.520903788511754,0.7777923460283843,0.6517220561916925,1.6628422285320914
ETTh1,0,DynVAR-Lasso Graph Ridge,1.0,0.003,600,300,18,0.520903788511754,0.7777923460283843,0.6517220561916925,1.6628422285320914
ETTh1,0,STCG-v1 Graph Ridge,1.0,0.003,600,300,18,0.520903788511754,0.7777923460283843,0.6517220561916925,1.6628422285320914
ETTh1,0,Persistence,0.25,0.003,1200,600,0,0.269241262267238,0.439274730676546,0.4061337454035368,0.573608722921841
ETTh1,0,Dense Ridge,0.25,0.003,1200,600,0,0.26226889010382226,0.4085396524529783,0.3801217388346658,0.5554508338509985
ETTh1,0,Nonself Dense Ridge,0.25,0.003,1200,600,18,0.520903788511754,0.7777923460283843,0.6517220561916925,1.6628422285320914
ETTh1,0,DynVAR-Lasso Graph Ridge,0.25,0.003,1200,600,5,0.5279536202581692,0.7702532643053572,0.6561225952347477,1.6169438889076362
ETTh1,0,STCG-v1 Graph Ridge,0.25,0.003,1200,600,5,0.5409273028228629,0.7848333207631224,0.6744384176859982,1.6074537523443981
ETTh1,0,Persistence,0.5,0.003,1200,600,0,0.269241262267238,0.439274730676546,0.4061337454035368,0.573608722921841
ETTh1,0,Dense Ridge,0.5,0.003,1200,600,0,0.26226889010382226,0.4085396524529783,0.3801217388346658,0.5554508338509985
ETTh1,0,Nonself Dense Ridge,0.5,0.003,1200,600,18,0.520903788511754,0.7777923460283843,0.6517220561916925,1.6628422285320914
ETTh1,0,DynVAR-Lasso Graph Ridge,0.5,0.003,1200,600,9,0.5436609627051915,0.7970970417284415,0.6788570892983212,1.640664465619653
ETTh1,0,STCG-v1 Graph Ridge,0.5,0.003,1200,600,9,0.5640404173845021,0.8235078825960678,0.704742801756928,1.648173834810229
ETTh1,0,Persistence,0.75,0.003,1200,600,0,0.269241262267238,0.439274730676546,0.4061337454035368,0.573608722921841
ETTh1,0,Dense Ridge,0.75,0.003,1200,600,0,0.26226889010382226,0.4085396524529783,0.3801217388346658,0.5554508338509985
ETTh1,0,Nonself Dense Ridge,0.75,0.003,1200,600,18,0.520903788511754,0.7777923460283843,0.6517220561916925,1.6628422285320914
ETTh1,0,DynVAR-Lasso Graph Ridge,0.75,0.003,1200,600,14,0.5225224770161848,0.7781823636289961,0.6538753638982575,1.6587454662600776
ETTh1,0,STCG-v1 Graph Ridge,0.75,0.003,1200,600,14,0.5204630198905033,0.7765629680474715,0.6512324202372793,1.6588433530478397
ETTh1,0,Persistence,1.0,0.003,1200,600,0,0.269241262267238,0.439274730676546,0.4061337454035368,0.573608722921841
ETTh1,0,Dense Ridge,1.0,0.003,1200,600,0,0.26226889010382226,0.4085396524529783,0.3801217388346658,0.5554508338509985
ETTh1,0,Nonself Dense Ridge,1.0,0.003,1200,600,18,0.520903788511754,0.7777923460283843,0.6517220561916925,1.6628422285320914
ETTh1,0,DynVAR-Lasso Graph Ridge,1.0,0.003,1200,600,18,0.520903788511754,0.7777923460283843,0.6517220561916925,1.6628422285320914
ETTh1,0,STCG-v1 Graph Ridge,1.0,0.003,1200,600,18,0.520903788511754,0.7777923460283843,0.6517220561916925,1.6628422285320914
ETTh1,0,Persistence,0.25,0.005,300,150,0,0.269241262267238,0.439274730676546,0.4061337454035368,0.573608722921841
ETTh1,0,Dense Ridge,0.25,0.005,300,150,0,0.26226889010382226,0.4085396524529783,0.3801217388346658,0.5554508338509985
ETTh1,0,Nonself Dense Ridge,0.25,0.005,300,150,18,0.520903788511754,0.7777923460283843,0.6517220561916925,1.6628422285320914
ETTh1,0,DynVAR-Lasso Graph Ridge,0.25,0.005,300,150,5,0.5064247452007976,0.7278153990204247,0.6355859489075808,1.4893792835893909
ETTh1,0,STCG-v1 Graph Ridge,0.25,0.005,300,150,5,0.5064247452007976,0.7278153990204247,0.6355859489075808,1.4893792835893909
ETTh1,0,Persistence,0.5,0.005,300,150,0,0.269241262267238,0.439274730676546,0.4061337454035368,0.573608722921841
ETTh1,0,Dense Ridge,0.5,0.005,300,150,0,0.26226889010382226,0.4085396524529783,0.3801217388346658,0.5554508338509985
ETTh1,0,Nonself Dense Ridge,0.5,0.005,300,150,18,0.520903788511754,0.7777923460283843,0.6517220561916925,1.6628422285320914
ETTh1,0,DynVAR-Lasso Graph Ridge,0.5,0.005,300,150,9,0.5228774805125705,0.7755697850152602,0.6548997707640236,1.646193348777689
ETTh1,0,STCG-v1 Graph Ridge,0.5,0.005,300,150,9,0.5228774805125705,0.7755697850152602,0.6548997707640236,1.646193348777689
ETTh1,0,Persistence,0.75,0.005,300,150,0,0.269241262267238,0.439274730676546,0.4061337454035368,0.573608722921841
ETTh1,0,Dense Ridge,0.75,0.005,300,150,0,0.26226889010382226,0.4085396524529783,0.3801217388346658,0.5554508338509985
ETTh1,0,Nonself Dense Ridge,0.75,0.005,300,150,18,0.520903788511754,0.7777923460283843,0.6517220561916925,1.6628422285320914
ETTh1,0,DynVAR-Lasso Graph Ridge,0.75,0.005,300,150,14,0.5209079886674504,0.777972824137424,0.6529430984798628,1.6618399963415633
ETTh1,0,STCG-v1 Graph Ridge,0.75,0.005,300,150,14,0.5209079886674504,0.777972824137424,0.6529430984798628,1.6618399963415633
ETTh1,0,Persistence,1.0,0.005,300,150,0,0.269241262267238,0.439274730676546,0.4061337454035368,0.573608722921841
ETTh1,0,Dense Ridge,1.0,0.005,300,150,0,0.26226889010382226,0.4085396524529783,0.3801217388346658,0.5554508338509985
ETTh1,0,Nonself Dense Ridge,1.0,0.005,300,150,18,0.520903788511754,0.7777923460283843,0.6517220561916925,1.6628422285320914
ETTh1,0,DynVAR-Lasso Graph Ridge,1.0,0.005,300,150,18,0.520903788511754,0.7777923460283843,0.6517220561916925,1.6628422285320914
ETTh1,0,STCG-v1 Graph Ridge,1.0,0.005,300,150,18,0.520903788511754,0.7777923460283843,0.6517220561916925,1.6628422285320914
ETTh1,0,Persistence,0.25,0.005,600,300,0,0.269241262267238,0.439274730676546,0.4061337454035368,0.573608722921841
ETTh1,0,Dense Ridge,0.25,0.005,600,300,0,0.26226889010382226,0.4085396524529783,0.3801217388346658,0.5554508338509985
ETTh1,0,Nonself Dense Ridge,0.25,0.005,600,300,18,0.520903788511754,0.7777923460283843,0.6517220561916925,1.6628422285320914
ETTh1,0,DynVAR-Lasso Graph Ridge,0.25,0.005,600,300,5,0.5190186242835916,0.7479240555829006,0.6489528658055699,1.4975984906805628
ETTh1,0,STCG-v1 Graph Ridge,0.25,0.005,600,300,5,0.5190186242835916,0.7479240555829006,0.6489528658055699,1.4975984906805628
ETTh1,0,Persistence,0.5,0.005,600,300,0,0.269241262267238,0.439274730676546,0.4061337454035368,0.573608722921841
ETTh1,0,Dense Ridge,0.5,0.005,600,300,0,0.26226889010382226,0.4085396524529783,0.3801217388346658,0.5554508338509985
ETTh1,0,Nonself Dense Ridge,0.5,0.005,600,300,18,0.520903788511754,0.7777923460283843,0.6517220561916925,1.6628422285320914
ETTh1,0,DynVAR-Lasso Graph Ridge,0.5,0.005,600,300,9,0.5574868439264503,0.8220727514465475,0.6960659006459444,1.6553767208988481
ETTh1,0,STCG-v1 Graph Ridge,0.5,0.005,600,300,9,0.5574868439264503,0.8220727514465475,0.6960659006459444,1.6553767208988481
ETTh1,0,Persistence,0.75,0.005,600,300,0,0.269241262267238,0.439274730676546,0.4061337454035368,0.573608722921841
ETTh1,0,Dense Ridge,0.75,0.005,600,300,0,0.26226889010382226,0.4085396524529783,0.3801217388346658,0.5554508338509985
ETTh1,0,Nonself Dense Ridge,0.75,0.005,600,300,18,0.520903788511754,0.7777923460283843,0.6517220561916925,1.6628422285320914
ETTh1,0,DynVAR-Lasso Graph Ridge,0.75,0.005,600,300,14,0.5313635235131021,0.7885587165786996,0.6640720379099203,1.6609376512670921
ETTh1,0,STCG-v1 Graph Ridge,0.75,0.005,600,300,14,0.5313635235131021,0.7885587165786996,0.6640720379099203,1.6609376512670921
ETTh1,0,Persistence,1.0,0.005,600,300,0,0.269241262267238,0.439274730676546,0.4061337454035368,0.573608722921841
ETTh1,0,Dense Ridge,1.0,0.005,600,300,0,0.26226889010382226,0.4085396524529783,0.3801217388346658,0.5554508338509985
ETTh1,0,Nonself Dense Ridge,1.0,0.005,600,300,18,0.520903788511754,0.7777923460283843,0.6517220561916925,1.6628422285320914
ETTh1,0,DynVAR-Lasso Graph Ridge,1.0,0.005,600,300,18,0.520903788511754,0.7777923460283843,0.6517220561916925,1.6628422285320914
ETTh1,0,STCG-v1 Graph Ridge,1.0,0.005,600,300,18,0.520903788511754,0.7777923460283843,0.6517220561916925,1.6628422285320914
ETTh1,0,Persistence,0.25,0.005,1200,600,0,0.269241262267238,0.439274730676546,0.4061337454035368,0.573608722921841
ETTh1,0,Dense Ridge,0.25,0.005,1200,600,0,0.26226889010382226,0.4085396524529783,0.3801217388346658,0.5554508338509985
ETTh1,0,Nonself Dense Ridge,0.25,0.005,1200,600,18,0.520903788511754,0.7777923460283843,0.6517220561916925,1.6628422285320914
ETTh1,0,DynVAR-Lasso Graph Ridge,0.25,0.005,1200,600,5,0.5419209443673856,0.7894574709320219,0.6766574528856578,1.6185988209760147
ETTh1,0,STCG-v1 Graph Ridge,0.25,0.005,1200,600,5,0.5423374668910006,0.7857449929356982,0.676291659441314,1.6074537523443981
ETTh1,0,Persistence,0.5,0.005,1200,600,0,0.269241262267238,0.439274730676546,0.4061337454035368,0.573608722921841
ETTh1,0,Dense Ridge,0.5,0.005,1200,600,0,0.26226889010382226,0.4085396524529783,0.3801217388346658,0.5554508338509985
ETTh1,0,Nonself Dense Ridge,0.5,0.005,1200,600,18,0.520903788511754,0.7777923460283843,0.6517220561916925,1.6628422285320914
ETTh1,0,DynVAR-Lasso Graph Ridge,0.5,0.005,1200,600,9,0.5576335464497819,0.8166156179356676,0.6967350733495138,1.6405367553052546
ETTh1,0,STCG-v1 Graph Ridge,0.5,0.005,1200,600,9,0.5581360221199141,0.8176656813970672,0.6979775828699165,1.6405367553052546
ETTh1,0,Persistence,0.75,0.005,1200,600,0,0.269241262267238,0.439274730676546,0.4061337454035368,0.573608722921841
ETTh1,0,Dense Ridge,0.75,0.005,1200,600,0,0.26226889010382226,0.4085396524529783,0.3801217388346658,0.5554508338509985
ETTh1,0,Nonself Dense Ridge,0.75,0.005,1200,600,18,0.520903788511754,0.7777923460283843,0.6517220561916925,1.6628422285320914
ETTh1,0,DynVAR-Lasso Graph Ridge,0.75,0.005,1200,600,14,0.5320062059467642,0.7880989811717021,0.6643516755380163,1.6581877236591558
ETTh1,0,STCG-v1 Graph Ridge,0.75,0.005,1200,600,14,0.5301320750712736,0.7868154372946552,0.6621571143546024,1.6581877236591558
ETTh1,0,Persistence,1.0,0.005,1200,600,0,0.269241262267238,0.439274730676546,0.4061337454035368,0.573608722921841
ETTh1,0,Dense Ridge,1.0,0.005,1200,600,0,0.26226889010382226,0.4085396524529783,0.3801217388346658,0.5554508338509985
ETTh1,0,Nonself Dense Ridge,1.0,0.005,1200,600,18,0.520903788511754,0.7777923460283843,0.6517220561916925,1.6628422285320914
ETTh1,0,DynVAR-Lasso Graph Ridge,1.0,0.005,1200,600,18,0.520903788511754,0.7777923460283843,0.6517220561916925,1.6628422285320914
ETTh1,0,STCG-v1 Graph Ridge,1.0,0.005,1200,600,18,0.520903788511754,0.7777923460283843,0.6517220561916925,1.6628422285320914
ETTh1,0,Persistence,0.25,0.01,300,150,0,0.269241262267238,0.439274730676546,0.4061337454035368,0.573608722921841
ETTh1,0,Dense Ridge,0.25,0.01,300,150,0,0.26226889010382226,0.4085396524529783,0.3801217388346658,0.5554508338509985
ETTh1,0,Nonself Dense Ridge,0.25,0.01,300,150,18,0.520903788511754,0.7777923460283843,0.6517220561916925,1.6628422285320914
ETTh1,0,DynVAR-Lasso Graph Ridge,0.25,0.01,300,150,5,0.5612714623116163,0.803490078643943,0.7058642180948066,1.4840948670437732
ETTh1,0,STCG-v1 Graph Ridge,0.25,0.01,300,150,5,0.5612714623116163,0.803490078643943,0.7058642180948066,1.4840948670437732
ETTh1,0,Persistence,0.5,0.01,300,150,0,0.269241262267238,0.439274730676546,0.4061337454035368,0.573608722921841
ETTh1,0,Dense Ridge,0.5,0.01,300,150,0,0.26226889010382226,0.4085396524529783,0.3801217388346658,0.5554508338509985
ETTh1,0,Nonself Dense Ridge,0.5,0.01,300,150,18,0.520903788511754,0.7777923460283843,0.6517220561916925,1.6628422285320914
ETTh1,0,DynVAR-Lasso Graph Ridge,0.5,0.01,300,150,9,0.5598806999369588,0.8152986733681898,0.699037815888585,1.6468331435296013
ETTh1,0,STCG-v1 Graph Ridge,0.5,0.01,300,150,9,0.5598806999369588,0.8152986733681898,0.699037815888585,1.6468331435296013
ETTh1,0,Persistence,0.75,0.01,300,150,0,0.269241262267238,0.439274730676546,0.4061337454035368,0.573608722921841
ETTh1,0,Dense Ridge,0.75,0.01,300,150,0,0.26226889010382226,0.4085396524529783,0.3801217388346658,0.5554508338509985
ETTh1,0,Nonself Dense Ridge,0.75,0.01,300,150,18,0.520903788511754,0.7777923460283843,0.6517220561916925,1.6628422285320914
ETTh1,0,DynVAR-Lasso Graph Ridge,0.75,0.01,300,150,14,0.5415215779435042,0.7984288320492292,0.6765819644950183,1.6611320870931592
ETTh1,0,STCG-v1 Graph Ridge,0.75,0.01,300,150,14,0.5415215779435042,0.7984288320492292,0.6765819644950183,1.6611320870931592
ETTh1,0,Persistence,1.0,0.01,300,150,0,0.269241262267238,0.439274730676546,0.4061337454035368,0.573608722921841
ETTh1,0,Dense Ridge,1.0,0.01,300,150,0,0.26226889010382226,0.4085396524529783,0.3801217388346658,0.5554508338509985
ETTh1,0,Nonself Dense Ridge,1.0,0.01,300,150,18,0.520903788511754,0.7777923460283843,0.6517220561916925,1.6628422285320914
ETTh1,0,DynVAR-Lasso Graph Ridge,1.0,0.01,300,150,18,0.520903788511754,0.7777923460283843,0.6517220561916925,1.6628422285320914
ETTh1,0,STCG-v1 Graph Ridge,1.0,0.01,300,150,18,0.520903788511754,0.7777923460283843,0.6517220561916925,1.6628422285320914
ETTh1,0,Persistence,0.25,0.01,600,300,0,0.269241262267238,0.439274730676546,0.4061337454035368,0.573608722921841
ETTh1,0,Dense Ridge,0.25,0.01,600,300,0,0.26226889010382226,0.4085396524529783,0.3801217388346658,0.5554508338509985
ETTh1,0,Nonself Dense Ridge,0.25,0.01,600,300,18,0.520903788511754,0.7777923460283843,0.6517220561916925,1.6628422285320914
ETTh1,0,DynVAR-Lasso Graph Ridge,0.25,0.01,600,300,5,0.5469288602950639,0.7962118227105062,0.6828735071726059,1.6418851077636063
ETTh1,0,STCG-v1 Graph Ridge,0.25,0.01,600,300,5,0.5469288602950639,0.7962118227105062,0.6828735071726059,1.6418851077636063
ETTh1,0,Persistence,0.5,0.01,600,300,0,0.269241262267238,0.439274730676546,0.4061337454035368,0.573608722921841
ETTh1,0,Dense Ridge,0.5,0.01,600,300,0,0.26226889010382226,0.4085396524529783,0.3801217388346658,0.5554508338509985
ETTh1,0,Nonself Dense Ridge,0.5,0.01,600,300,18,0.520903788511754,0.7777923460283843,0.6517220561916925,1.6628422285320914
ETTh1,0,DynVAR-Lasso Graph Ridge,0.5,0.01,600,300,9,0.5603097997690479,0.8288971769353587,0.7008895930089933,1.6579176882082938
ETTh1,0,STCG-v1 Graph Ridge,0.5,0.01,600,300,9,0.5603097997690479,0.8288971769353587,0.7008895930089933,1.6579176882082938
ETTh1,0,Persistence,0.75,0.01,600,300,0,0.269241262267238,0.439274730676546,0.4061337454035368,0.573608722921841
ETTh1,0,Dense Ridge,0.75,0.01,600,300,0,0.26226889010382226,0.4085396524529783,0.3801217388346658,0.5554508338509985
ETTh1,0,Nonself Dense Ridge,0.75,0.01,600,300,18,0.520903788511754,0.7777923460283843,0.6517220561916925,1.6628422285320914
ETTh1,0,DynVAR-Lasso Graph Ridge,0.75,0.01,600,300,14,0.5345658282233017,0.7929103943089844,0.6673726813466642,1.6588047497762175
ETTh1,0,STCG-v1 Graph Ridge,0.75,0.01,600,300,14,0.5345658282233017,0.7929103943089844,0.6673726813466642,1.6588047497762175
ETTh1,0,Persistence,1.0,0.01,600,300,0,0.269241262267238,0.439274730676546,0.4061337454035368,0.573608722921841
ETTh1,0,Dense Ridge,1.0,0.01,600,300,0,0.26226889010382226,0.4085396524529783,0.3801217388346658,0.5554508338509985
ETTh1,0,Nonself Dense Ridge,1.0,0.01,600,300,18,0.520903788511754,0.7777923460283843,0.6517220561916925,1.6628422285320914
ETTh1,0,DynVAR-Lasso Graph Ridge,1.0,0.01,600,300,18,0.520903788511754,0.7777923460283843,0.6517220561916925,1.6628422285320914
ETTh1,0,STCG-v1 Graph Ridge,1.0,0.01,600,300,18,0.520903788511754,0.7777923460283843,0.6517220561916925,1.6628422285320914
ETTh1,0,Persistence,0.25,0.01,1200,600,0,0.269241262267238,0.439274730676546,0.4061337454035368,0.573608722921841
ETTh1,0,Dense Ridge,0.25,0.01,1200,600,0,0.26226889010382226,0.4085396524529783,0.3801217388346658,0.5554508338509985
ETTh1,0,Nonself Dense Ridge,0.25,0.01,1200,600,18,0.520903788511754,0.7777923460283843,0.6517220561916925,1.6628422285320914
ETTh1,0,DynVAR-Lasso Graph Ridge,0.25,0.01,1200,600,5,0.539178461665232,0.7855499615514145,0.6724090875331034,1.6219062171202383
ETTh1,0,STCG-v1 Graph Ridge,0.25,0.01,1200,600,5,0.539178461665232,0.7855499615514145,0.6724090875331034,1.6219062171202383
ETTh1,0,Persistence,0.5,0.01,1200,600,0,0.269241262267238,0.439274730676546,0.4061337454035368,0.573608722921841
ETTh1,0,Dense Ridge,0.5,0.01,1200,600,0,0.26226889010382226,0.4085396524529783,0.3801217388346658,0.5554508338509985
ETTh1,0,Nonself Dense Ridge,0.5,0.01,1200,600,18,0.520903788511754,0.7777923460283843,0.6517220561916925,1.6628422285320914
ETTh1,0,DynVAR-Lasso Graph Ridge,0.5,0.01,1200,600,9,0.5757393043310298,0.8374429741261971,0.7212803383519669,1.6405367553052546
ETTh1,0,STCG-v1 Graph Ridge,0.5,0.01,1200,600,9,0.5757393043310298,0.8374429741261971,0.7212803383519669,1.6405367553052546
ETTh1,0,Persistence,0.75,0.01,1200,600,0,0.269241262267238,0.439274730676546,0.4061337454035368,0.573608722921841
ETTh1,0,Dense Ridge,0.75,0.01,1200,600,0,0.26226889010382226,0.4085396524529783,0.3801217388346658,0.5554508338509985
ETTh1,0,Nonself Dense Ridge,0.75,0.01,1200,600,18,0.520903788511754,0.7777923460283843,0.6517220561916925,1.6628422285320914
ETTh1,0,DynVAR-Lasso Graph Ridge,0.75,0.01,1200,600,14,0.5606772717412322,0.8221892828667112,0.699742767701282,1.6581877236591558
ETTh1,0,STCG-v1 Graph Ridge,0.75,0.01,1200,600,14,0.5606772717412322,0.8221892828667112,0.699742767701282,1.6581877236591558
ETTh1,0,Persistence,1.0,0.01,1200,600,0,0.269241262267238,0.439274730676546,0.4061337454035368,0.573608722921841
ETTh1,0,Dense Ridge,1.0,0.01,1200,600,0,0.26226889010382226,0.4085396524529783,0.3801217388346658,0.5554508338509985
ETTh1,0,Nonself Dense Ridge,1.0,0.01,1200,600,18,0.520903788511754,0.7777923460283843,0.6517220561916925,1.6628422285320914
ETTh1,0,DynVAR-Lasso Graph Ridge,1.0,0.01,1200,600,18,0.520903788511754,0.7777923460283843,0.6517220561916925,1.6628422285320914
ETTh1,0,STCG-v1 Graph Ridge,1.0,0.01,1200,600,18,0.520903788511754,0.7777923460283843,0.6517220561916925,1.6628422285320914
ETTh2,0,Persistence,0.25,0.001,300,150,0,0.1499476242483007,0.24559055458163162,0.2240359849620104,0.335650508067326
ETTh2,0,Dense Ridge,0.25,0.001,300,150,0,0.14568753375326596,0.22713709128933027,0.20431623768537582,0.31157904569612505
ETTh2,0,Nonself Dense Ridge,0.25,0.001,300,150,18,0.5827427813418359,0.7428132620349122,0.6920193695886766,1.1210786438831182
ETTh2,0,DynVAR-Lasso Graph Ridge,0.25,0.001,300,150,5,0.7834028356080233,0.9628449852928777,0.9337355230796421,1.1782428351727163
ETTh2,0,STCG-v1 Graph Ridge,0.25,0.001,300,150,5,0.7834028356080233,0.9628449852928777,0.9337355230796421,1.1782428351727163
ETTh2,0,Persistence,0.5,0.001,300,150,0,0.1499476242483007,0.24559055458163162,0.2240359849620104,0.335650508067326
ETTh2,0,Dense Ridge,0.5,0.001,300,150,0,0.14568753375326596,0.22713709128933027,0.20431623768537582,0.31157904569612505
ETTh2,0,Nonself Dense Ridge,0.5,0.001,300,150,18,0.5827427813418359,0.7428132620349122,0.6920193695886766,1.1210786438831182
ETTh2,0,DynVAR-Lasso Graph Ridge,0.5,0.001,300,150,9,0.6839951655971315,0.8553530945718573,0.8176088614648408,1.1131374455183292
ETTh2,0,STCG-v1 Graph Ridge,0.5,0.001,300,150,9,0.6839951655971315,0.8553530945718573,0.8176088614648408,1.1131374455183292
ETTh2,0,Persistence,0.75,0.001,300,150,0,0.1499476242483007,0.24559055458163162,0.2240359849620104,0.335650508067326
ETTh2,0,Dense Ridge,0.75,0.001,300,150,0,0.14568753375326596,0.22713709128933027,0.20431623768537582,0.31157904569612505
ETTh2,0,Nonself Dense Ridge,0.75,0.001,300,150,18,0.5827427813418359,0.7428132620349122,0.6920193695886766,1.1210786438831182
ETTh2,0,DynVAR-Lasso Graph Ridge,0.75,0.001,300,150,14,0.6355622072365198,0.7986682148647002,0.7529710654717583,1.1183465656032756
ETTh2,0,STCG-v1 Graph Ridge,0.75,0.001,300,150,14,0.6355622072365198,0.7986682148647002,0.7529710654717583,1.1183465656032756
ETTh2,0,Persistence,1.0,0.001,300,150,0,0.1499476242483007,0.24559055458163162,0.2240359849620104,0.335650508067326
ETTh2,0,Dense Ridge,1.0,0.001,300,150,0,0.14568753375326596,0.22713709128933027,0.20431623768537582,0.31157904569612505
ETTh2,0,Nonself Dense Ridge,1.0,0.001,300,150,18,0.5827427813418359,0.7428132620349122,0.6920193695886766,1.1210786438831182
ETTh2,0,DynVAR-Lasso Graph Ridge,1.0,0.001,300,150,18,0.5827427813418359,0.7428132620349122,0.6920193695886766,1.1210786438831182
ETTh2,0,STCG-v1 Graph Ridge,1.0,0.001,300,150,18,0.5827427813418359,0.7428132620349122,0.6920193695886766,1.1210786438831182
ETTh2,0,Persistence,0.25,0.001,600,300,0,0.1499476242483007,0.24559055458163162,0.2240359849620104,0.335650508067326
ETTh2,0,Dense Ridge,0.25,0.001,600,300,0,0.14568753375326596,0.22713709128933027,0.20431623768537582,0.31157904569612505
ETTh2,0,Nonself Dense Ridge,0.25,0.001,600,300,18,0.5827427813418359,0.7428132620349122,0.6920193695886766,1.1210786438831182
ETTh2,0,DynVAR-Lasso Graph Ridge,0.25,0.001,600,300,5,0.7919194595175497,0.9643516204071847,0.928941682123188,1.1560101227523158
ETTh2,0,STCG-v1 Graph Ridge,0.25,0.001,600,300,5,0.7919194595175497,0.9643516204071847,0.928941682123188,1.1560101227523158
ETTh2,0,Persistence,0.5,0.001,600,300,0,0.1499476242483007,0.24559055458163162,0.2240359849620104,0.335650508067326
ETTh2,0,Dense Ridge,0.5,0.001,600,300,0,0.14568753375326596,0.22713709128933027,0.20431623768537582,0.31157904569612505
ETTh2,0,Nonself Dense Ridge,0.5,0.001,600,300,18,0.5827427813418359,0.7428132620349122,0.6920193695886766,1.1210786438831182
ETTh2,0,DynVAR-Lasso Graph Ridge,0.5,0.001,600,300,9,0.6821816081048037,0.8509284744846075,0.8159014167240624,1.1180377911735566
ETTh2,0,STCG-v1 Graph Ridge,0.5,0.001,600,300,9,0.6821816081048037,0.8509284744846075,0.8159014167240624,1.1180377911735566
ETTh2,0,Persistence,0.75,0.001,600,300,0,0.1499476242483007,0.24559055458163162,0.2240359849620104,0.335650508067326
ETTh2,0,Dense Ridge,0.75,0.001,600,300,0,0.14568753375326596,0.22713709128933027,0.20431623768537582,0.31157904569612505
ETTh2,0,Nonself Dense Ridge,0.75,0.001,600,300,18,0.5827427813418359,0.7428132620349122,0.6920193695886766,1.1210786438831182
ETTh2,0,DynVAR-Lasso Graph Ridge,0.75,0.001,600,300,14,0.6094374272998622,0.7803578106333328,0.7332139512373335,1.1196606514073513
ETTh2,0,STCG-v1 Graph Ridge,0.75,0.001,600,300,14,0.6094374272998622,0.7803578106333328,0.7332139512373335,1.1196606514073513
ETTh2,0,Persistence,1.0,0.001,600,300,0,0.1499476242483007,0.24559055458163162,0.2240359849620104,0.335650508067326
ETTh2,0,Dense Ridge,1.0,0.001,600,300,0,0.14568753375326596,0.22713709128933027,0.20431623768537582,0.31157904569612505
ETTh2,0,Nonself Dense Ridge,1.0,0.001,600,300,18,0.5827427813418359,0.7428132620349122,0.6920193695886766,1.1210786438831182
ETTh2,0,DynVAR-Lasso Graph Ridge,1.0,0.001,600,300,18,0.5827427813418359,0.7428132620349122,0.6920193695886766,1.1210786438831182
ETTh2,0,STCG-v1 Graph Ridge,1.0,0.001,600,300,18,0.5827427813418359,0.7428132620349122,0.6920193695886766,1.1210786438831182
ETTh2,0,Persistence,0.25,0.001,1200,600,0,0.1499476242483007,0.24559055458163162,0.2240359849620104,0.335650508067326
ETTh2,0,Dense Ridge,0.25,0.001,1200,600,0,0.14568753375326596,0.22713709128933027,0.20431623768537582,0.31157904569612505
ETTh2,0,Nonself Dense Ridge,0.25,0.001,1200,600,18,0.5827427813418359,0.7428132620349122,0.6920193695886766,1.1210786438831182
ETTh2,0,DynVAR-Lasso Graph Ridge,0.25,0.001,1200,600,5,0.7276337334943724,0.8991642056693465,0.8449901083449259,1.1972166655844416
ETTh2,0,STCG-v1 Graph Ridge,0.25,0.001,1200,600,5,0.6658779680770925,0.838311391902491,0.788848014574591,1.200088927766134
ETTh2,0,Persistence,0.5,0.001,1200,600,0,0.1499476242483007,0.24559055458163162,0.2240359849620104,0.335650508067326
ETTh2,0,Dense Ridge,0.5,0.001,1200,600,0,0.14568753375326596,0.22713709128933027,0.20431623768537582,0.31157904569612505
ETTh2,0,Nonself Dense Ridge,0.5,0.001,1200,600,18,0.5827427813418359,0.7428132620349122,0.6920193695886766,1.1210786438831182
ETTh2,0,DynVAR-Lasso Graph Ridge,0.5,0.001,1200,600,9,0.6448242247054784,0.792082951835796,0.7628538001664861,1.058235572768558
ETTh2,0,STCG-v1 Graph Ridge,0.5,0.001,1200,600,9,0.6296648845801667,0.8077497224222635,0.7544653678304308,1.1149260750758272
ETTh2,0,Persistence,0.75,0.001,1200,600,0,0.1499476242483007,0.24559055458163162,0.2240359849620104,0.335650508067326
ETTh2,0,Dense Ridge,0.75,0.001,1200,600,0,0.14568753375326596,0.22713709128933027,0.20431623768537582,0.31157904569612505
ETTh2,0,Nonself Dense Ridge,0.75,0.001,1200,600,18,0.5827427813418359,0.7428132620349122,0.6920193695886766,1.1210786438831182
ETTh2,0,DynVAR-Lasso Graph Ridge,0.75,0.001,1200,600,14,0.5952460521449092,0.7616108262412841,0.7153355117401146,1.120005949655122
ETTh2,0,STCG-v1 Graph Ridge,0.75,0.001,1200,600,14,0.5845660986334353,0.74644647364168,0.6946420043316486,1.120005949655122
ETTh2,0,Persistence,1.0,0.001,1200,600,0,0.1499476242483007,0.24559055458163162,0.2240359849620104,0.335650508067326
ETTh2,0,Dense Ridge,1.0,0.001,1200,600,0,0.14568753375326596,0.22713709128933027,0.20431623768537582,0.31157904569612505
ETTh2,0,Nonself Dense Ridge,1.0,0.001,1200,600,18,0.5827427813418359,0.7428132620349122,0.6920193695886766,1.1210786438831182
ETTh2,0,DynVAR-Lasso Graph Ridge,1.0,0.001,1200,600,18,0.5827427813418359,0.7428132620349122,0.6920193695886766,1.1210786438831182
ETTh2,0,STCG-v1 Graph Ridge,1.0,0.001,1200,600,18,0.5827427813418359,0.7428132620349122,0.6920193695886766,1.1210786438831182
ETTh2,0,Persistence,0.25,0.003,300,150,0,0.1499476242483007,0.24559055458163162,0.2240359849620104,0.335650508067326
ETTh2,0,Dense Ridge,0.25,0.003,300,150,0,0.14568753375326596,0.22713709128933027,0.20431623768537582,0.31157904569612505
ETTh2,0,Nonself Dense Ridge,0.25,0.003,300,150,18,0.5827427813418359,0.7428132620349122,0.6920193695886766,1.1210786438831182
ETTh2,0,DynVAR-Lasso Graph Ridge,0.25,0.003,300,150,5,0.7060861671507003,0.878379827767177,0.8287010052805753,1.1782428351727163
ETTh2,0,STCG-v1 Graph Ridge,0.25,0.003,300,150,5,0.7060861671507003,0.878379827767177,0.8287010052805753,1.1782428351727163
ETTh2,0,Persistence,0.5,0.003,300,150,0,0.1499476242483007,0.24559055458163162,0.2240359849620104,0.335650508067326
ETTh2,0,Dense Ridge,0.5,0.003,300,150,0,0.14568753375326596,0.22713709128933027,0.20431623768537582,0.31157904569612505
ETTh2,0,Nonself Dense Ridge,0.5,0.003,300,150,18,0.5827427813418359,0.7428132620349122,0.6920193695886766,1.1210786438831182
ETTh2,0,DynVAR-Lasso Graph Ridge,0.5,0.003,300,150,9,0.6220845827828014,0.7840919453216795,0.7396134494969336,1.1216642033669297
ETTh2,0,STCG-v1 Graph Ridge,0.5,0.003,300,150,9,0.6220845827828014,0.7840919453216795,0.7396134494969336,1.1216642033669297
ETTh2,0,Persistence,0.75,0.003,300,150,0,0.1499476242483007,0.24559055458163162,0.2240359849620104,0.335650508067326
ETTh2,0,Dense Ridge,0.75,0.003,300,150,0,0.14568753375326596,0.22713709128933027,0.20431623768537582,0.31157904569612505
ETTh2,0,Nonself Dense Ridge,0.75,0.003,300,150,18,0.5827427813418359,0.7428132620349122,0.6920193695886766,1.1210786438831182
ETTh2,0,DynVAR-Lasso Graph Ridge,0.75,0.003,300,150,14,0.6005034558604413,0.7738211847650976,0.7200647028090085,1.1236508269859469
ETTh2,0,STCG-v1 Graph Ridge,0.75,0.003,300,150,14,0.6005034558604413,0.7738211847650976,0.7200647028090085,1.1236508269859469
ETTh2,0,Persistence,1.0,0.003,300,150,0,0.1499476242483007,0.24559055458163162,0.2240359849620104,0.335650508067326
ETTh2,0,Dense Ridge,1.0,0.003,300,150,0,0.14568753375326596,0.22713709128933027,0.20431623768537582,0.31157904569612505
ETTh2,0,Nonself Dense Ridge,1.0,0.003,300,150,18,0.5827427813418359,0.7428132620349122,0.6920193695886766,1.1210786438831182
ETTh2,0,DynVAR-Lasso Graph Ridge,1.0,0.003,300,150,18,0.5827427813418359,0.7428132620349122,0.6920193695886766,1.1210786438831182
ETTh2,0,STCG-v1 Graph Ridge,1.0,0.003,300,150,18,0.5827427813418359,0.7428132620349122,0.6920193695886766,1.1210786438831182
ETTh2,0,Persistence,0.25,0.003,600,300,0,0.1499476242483007,0.24559055458163162,0.2240359849620104,0.335650508067326
ETTh2,0,Dense Ridge,0.25,0.003,600,300,0,0.14568753375326596,0.22713709128933027,0.20431623768537582,0.31157904569612505
ETTh2,0,Nonself Dense Ridge,0.25,0.003,600,300,18,0.5827427813418359,0.7428132620349122,0.6920193695886766,1.1210786438831182
ETTh2,0,DynVAR-Lasso Graph Ridge,0.25,0.003,600,300,5,0.6797868414017891,0.8481139959524354,0.8126955144902844,1.1159426616402683
ETTh2,0,STCG-v1 Graph Ridge,0.25,0.003,600,300,5,0.6797868414017891,0.8481139959524354,0.8126955144902844,1.1159426616402683
ETTh2,0,Persistence,0.5,0.003,600,300,0,0.1499476242483007,0.24559055458163162,0.2240359849620104,0.335650508067326
ETTh2,0,Dense Ridge,0.5,0.003,600,300,0,0.14568753375326596,0.22713709128933027,0.20431623768537582,0.31157904569612505
ETTh2,0,Nonself Dense Ridge,0.5,0.003,600,300,18,0.5827427813418359,0.7428132620349122,0.6920193695886766,1.1210786438831182
ETTh2,0,DynVAR-Lasso Graph Ridge,0.5,0.003,600,300,9,0.6405673879200323,0.801576195687789,0.7595866155909492,1.1142582992285945
ETTh2,0,STCG-v1 Graph Ridge,0.5,0.003,600,300,9,0.6405673879200323,0.801576195687789,0.7595866155909492,1.1142582992285945
ETTh2,0,Persistence,0.75,0.003,600,300,0,0.1499476242483007,0.24559055458163162,0.2240359849620104,0.335650508067326
ETTh2,0,Dense Ridge,0.75,0.003,600,300,0,0.14568753375326596,0.22713709128933027,0.20431623768537582,0.31157904569612505
ETTh2,0,Nonself Dense Ridge,0.75,0.003,600,300,18,0.5827427813418359,0.7428132620349122,0.6920193695886766,1.1210786438831182
ETTh2,0,DynVAR-Lasso Graph Ridge,0.75,0.003,600,300,14,0.6070866360054546,0.7734667562192498,0.719005924677621,1.119957613255386
ETTh2,0,STCG-v1 Graph Ridge,0.75,0.003,600,300,14,0.6070866360054546,0.7734667562192498,0.719005924677621,1.119957613255386
ETTh2,0,Persistence,1.0,0.003,600,300,0,0.1499476242483007,0.24559055458163162,0.2240359849620104,0.335650508067326
ETTh2,0,Dense Ridge,1.0,0.003,600,300,0,0.14568753375326596,0.22713709128933027,0.20431623768537582,0.31157904569612505
ETTh2,0,Nonself Dense Ridge,1.0,0.003,600,300,18,0.5827427813418359,0.7428132620349122,0.6920193695886766,1.1210786438831182
ETTh2,0,DynVAR-Lasso Graph Ridge,1.0,0.003,600,300,18,0.5827427813418359,0.7428132620349122,0.6920193695886766,1.1210786438831182
ETTh2,0,STCG-v1 Graph Ridge,1.0,0.003,600,300,18,0.5827427813418359,0.7428132620349122,0.6920193695886766,1.1210786438831182
ETTh2,0,Persistence,0.25,0.003,1200,600,0,0.1499476242483007,0.24559055458163162,0.2240359849620104,0.335650508067326
ETTh2,0,Dense Ridge,0.25,0.003,1200,600,0,0.14568753375326596,0.22713709128933027,0.20431623768537582,0.31157904569612505
ETTh2,0,Nonself Dense Ridge,0.25,0.003,1200,600,18,0.5827427813418359,0.7428132620349122,0.6920193695886766,1.1210786438831182
ETTh2,0,DynVAR-Lasso Graph Ridge,0.25,0.003,1200,600,5,0.6681630683266836,0.8490342900268514,0.78188952679416,1.176507779185964
ETTh2,0,STCG-v1 Graph Ridge,0.25,0.003,1200,600,5,0.6681630683266836,0.8490342900268514,0.78188952679416,1.176507779185964
ETTh2,0,Persistence,0.5,0.003,1200,600,0,0.1499476242483007,0.24559055458163162,0.2240359849620104,0.335650508067326
ETTh2,0,Dense Ridge,0.5,0.003,1200,600,0,0.14568753375326596,0.22713709128933027,0.20431623768537582,0.31157904569612505
ETTh2,0,Nonself Dense Ridge,0.5,0.003,1200,600,18,0.5827427813418359,0.7428132620349122,0.6920193695886766,1.1210786438831182
ETTh2,0,DynVAR-Lasso Graph Ridge,0.5,0.003,1200,600,9,0.6465818551955264,0.8072804645702637,0.768782171698919,1.1114274801769146
ETTh2,0,STCG-v1 Graph Ridge,0.5,0.003,1200,600,9,0.6465818551955264,0.8072804645702637,0.768782171698919,1.1114274801769146
ETTh2,0,Persistence,0.75,0.003,1200,600,0,0.1499476242483007,0.24559055458163162,0.2240359849620104,0.335650508067326
ETTh2,0,Dense Ridge,0.75,0.003,1200,600,0,0.14568753375326596,0.22713709128933027,0.20431623768537582,0.31157904569612505
ETTh2,0,Nonself Dense Ridge,0.75,0.003,1200,600,18,0.5827427813418359,0.7428132620349122,0.6920193695886766,1.1210786438831182
ETTh2,0,DynVAR-Lasso Graph Ridge,0.75,0.003,1200,600,14,0.6018072418874583,0.767995864081242,0.7151976974340185,1.1208570303807766
ETTh2,0,STCG-v1 Graph Ridge,0.75,0.003,1200,600,14,0.6018072418874583,0.767995864081242,0.7151976974340185,1.1208570303807766
ETTh2,0,Persistence,1.0,0.003,1200,600,0,0.1499476242483007,0.24559055458163162,0.2240359849620104,0.335650508067326
ETTh2,0,Dense Ridge,1.0,0.003,1200,600,0,0.14568753375326596,0.22713709128933027,0.20431623768537582,0.31157904569612505
ETTh2,0,Nonself Dense Ridge,1.0,0.003,1200,600,18,0.5827427813418359,0.7428132620349122,0.6920193695886766,1.1210786438831182
ETTh2,0,DynVAR-Lasso Graph Ridge,1.0,0.003,1200,600,18,0.5827427813418359,0.7428132620349122,0.6920193695886766,1.1210786438831182
ETTh2,0,STCG-v1 Graph Ridge,1.0,0.003,1200,600,18,0.5827427813418359,0.7428132620349122,0.6920193695886766,1.1210786438831182
ETTh2,0,Persistence,0.25,0.005,300,150,0,0.1499476242483007,0.24559055458163162,0.2240359849620104,0.335650508067326
ETTh2,0,Dense Ridge,0.25,0.005,300,150,0,0.14568753375326596,0.22713709128933027,0.20431623768537582,0.31157904569612505
ETTh2,0,Nonself Dense Ridge,0.25,0.005,300,150,18,0.5827427813418359,0.7428132620349122,0.6920193695886766,1.1210786438831182
ETTh2,0,DynVAR-Lasso Graph Ridge,0.25,0.005,300,150,5,0.7088587742768152,0.8877593941763942,0.8417812161204475,1.178686816281417
ETTh2,0,STCG-v1 Graph Ridge,0.25,0.005,300,150,5,0.7088587742768152,0.8877593941763942,0.8417812161204475,1.178686816281417
ETTh2,0,Persistence,0.5,0.005,300,150,0,0.1499476242483007,0.24559055458163162,0.2240359849620104,0.335650508067326
ETTh2,0,Dense Ridge,0.5,0.005,300,150,0,0.14568753375326596,0.22713709128933027,0.20431623768537582,0.31157904569612505
ETTh2,0,Nonself Dense Ridge,0.5,0.005,300,150,18,0.5827427813418359,0.7428132620349122,0.6920193695886766,1.1210786438831182
ETTh2,0,DynVAR-Lasso Graph Ridge,0.5,0.005,300,150,9,0.6205556382300912,0.788849586687418,0.7455982413866186,1.1216642033669297
ETTh2,0,STCG-v1 Graph Ridge,0.5,0.005,300,150,9,0.6205556382300912,0.788849586687418,0.7455982413866186,1.1216642033669297
ETTh2,0,Persistence,0.75,0.005,300,150,0,0.1499476242483007,0.24559055458163162,0.2240359849620104,0.335650508067326
ETTh2,0,Dense Ridge,0.75,0.005,300,150,0,0.14568753375326596,0.22713709128933027,0.20431623768537582,0.31157904569612505
ETTh2,0,Nonself Dense Ridge,0.75,0.005,300,150,18,0.5827427813418359,0.7428132620349122,0.6920193695886766,1.1210786438831182
ETTh2,0,DynVAR-Lasso Graph Ridge,0.75,0.005,300,150,14,0.6080942246127373,0.7717777121163488,0.7259242259838773,1.1236508269859469
ETTh2,0,STCG-v1 Graph Ridge,0.75,0.005,300,150,14,0.6080942246127373,0.7717777121163488,0.7259242259838773,1.1236508269859469
ETTh2,0,Persistence,1.0,0.005,300,150,0,0.1499476242483007,0.24559055458163162,0.2240359849620104,0.335650508067326
ETTh2,0,Dense Ridge,1.0,0.005,300,150,0,0.14568753375326596,0.22713709128933027,0.20431623768537582,0.31157904569612505
ETTh2,0,Nonself Dense Ridge,1.0,0.005,300,150,18,0.5827427813418359,0.7428132620349122,0.6920193695886766,1.1210786438831182
ETTh2,0,DynVAR-Lasso Graph Ridge,1.0,0.005,300,150,18,0.5827427813418359,0.7428132620349122,0.6920193695886766,1.1210786438831182
ETTh2,0,STCG-v1 Graph Ridge,1.0,0.005,300,150,18,0.5827427813418359,0.7428132620349122,0.6920193695886766,1.1210786438831182
ETTh2,0,Persistence,0.25,0.005,600,300,0,0.1499476242483007,0.24559055458163162,0.2240359849620104,0.335650508067326
ETTh2,0,Dense Ridge,0.25,0.005,600,300,0,0.14568753375326596,0.22713709128933027,0.20431623768537582,0.31157904569612505
ETTh2,0,Nonself Dense Ridge,0.25,0.005,600,300,18,0.5827427813418359,0.7428132620349122,0.6920193695886766,1.1210786438831182
ETTh2,0,DynVAR-Lasso Graph Ridge,0.25,0.005,600,300,5,0.6551396421993503,0.8095422436350287,0.7750383154368299,1.1146406070286357
ETTh2,0,STCG-v1 Graph Ridge,0.25,0.005,600,300,5,0.6551396421993503,0.8095422436350287,0.7750383154368299,1.1146406070286357
ETTh2,0,Persistence,0.5,0.005,600,300,0,0.1499476242483007,0.24559055458163162,0.2240359849620104,0.335650508067326
ETTh2,0,Dense Ridge,0.5,0.005,600,300,0,0.14568753375326596,0.22713709128933027,0.20431623768537582,0.31157904569612505
ETTh2,0,Nonself Dense Ridge,0.5,0.005,600,300,18,0.5827427813418359,0.7428132620349122,0.6920193695886766,1.1210786438831182
ETTh2,0,DynVAR-Lasso Graph Ridge,0.5,0.005,600,300,9,0.6115191652059045,0.7843110448859414,0.738721608284015,1.1129222579976652
ETTh2,0,STCG-v1 Graph Ridge,0.5,0.005,600,300,9,0.6115191652059045,0.7843110448859414,0.738721608284015,1.1129222579976652
ETTh2,0,Persistence,0.75,0.005,600,300,0,0.1499476242483007,0.24559055458163162,0.2240359849620104,0.335650508067326
ETTh2,0,Dense Ridge,0.75,0.005,600,300,0,0.14568753375326596,0.22713709128933027,0.20431623768537582,0.31157904569612505
ETTh2,0,Nonself Dense Ridge,0.75,0.005,600,300,18,0.5827427813418359,0.7428132620349122,0.6920193695886766,1.1210786438831182
ETTh2,0,DynVAR-Lasso Graph Ridge,0.75,0.005,600,300,14,0.5983601041040156,0.764358686768439,0.711584729772708,1.1197864627307161
ETTh2,0,STCG-v1 Graph Ridge,0.75,0.005,600,300,14,0.5983601041040156,0.764358686768439,0.711584729772708,1.1197864627307161
ETTh2,0,Persistence,1.0,0.005,600,300,0,0.1499476242483007,0.24559055458163162,0.2240359849620104,0.335650508067326
ETTh2,0,Dense Ridge,1.0,0.005,600,300,0,0.14568753375326596,0.22713709128933027,0.20431623768537582,0.31157904569612505
ETTh2,0,Nonself Dense Ridge,1.0,0.005,600,300,18,0.5827427813418359,0.7428132620349122,0.6920193695886766,1.1210786438831182
ETTh2,0,DynVAR-Lasso Graph Ridge,1.0,0.005,600,300,18,0.5827427813418359,0.7428132620349122,0.6920193695886766,1.1210786438831182
ETTh2,0,STCG-v1 Graph Ridge,1.0,0.005,600,300,18,0.5827427813418359,0.7428132620349122,0.6920193695886766,1.1210786438831182
ETTh2,0,Persistence,0.25,0.005,1200,600,0,0.1499476242483007,0.24559055458163162,0.2240359849620104,0.335650508067326
ETTh2,0,Dense Ridge,0.25,0.005,1200,600,0,0.14568753375326596,0.22713709128933027,0.20431623768537582,0.31157904569612505
ETTh2,0,Nonself Dense Ridge,0.25,0.005,1200,600,18,0.5827427813418359,0.7428132620349122,0.6920193695886766,1.1210786438831182
ETTh2,0,DynVAR-Lasso Graph Ridge,0.25,0.005,1200,600,5,0.6750553329678267,0.8321402207608849,0.7899374123168673,1.1108767327243612
ETTh2,0,STCG-v1 Graph Ridge,0.25,0.005,1200,600,5,0.6750553329678267,0.8321402207608849,0.7899374123168673,1.1108767327243612
ETTh2,0,Persistence,0.5,0.005,1200,600,0,0.1499476242483007,0.24559055458163162,0.2240359849620104,0.335650508067326
ETTh2,0,Dense Ridge,0.5,0.005,1200,600,0,0.14568753375326596,0.22713709128933027,0.20431623768537582,0.31157904569612505
ETTh2,0,Nonself Dense Ridge,0.5,0.005,1200,600,18,0.5827427813418359,0.7428132620349122,0.6920193695886766,1.1210786438831182
ETTh2,0,DynVAR-Lasso Graph Ridge,0.5,0.005,1200,600,9,0.6134660593067888,0.7818494092009565,0.7397767759119657,1.135084501369773
ETTh2,0,STCG-v1 Graph Ridge,0.5,0.005,1200,600,9,0.6134660593067888,0.7818494092009565,0.7397767759119657,1.135084501369773
ETTh2,0,Persistence,0.75,0.005,1200,600,0,0.1499476242483007,0.24559055458163162,0.2240359849620104,0.335650508067326
ETTh2,0,Dense Ridge,0.75,0.005,1200,600,0,0.14568753375326596,0.22713709128933027,0.20431623768537582,0.31157904569612505
ETTh2,0,Nonself Dense Ridge,0.75,0.005,1200,600,18,0.5827427813418359,0.7428132620349122,0.6920193695886766,1.1210786438831182
ETTh2,0,DynVAR-Lasso Graph Ridge,0.75,0.005,1200,600,14,0.5853615932466051,0.7469890920653747,0.6950683885359819,1.124269154144324
ETTh2,0,STCG-v1 Graph Ridge,0.75,0.005,1200,600,14,0.5853615932466051,0.7469890920653747,0.6950683885359819,1.124269154144324
ETTh2,0,Persistence,1.0,0.005,1200,600,0,0.1499476242483007,0.24559055458163162,0.2240359849620104,0.335650508067326
ETTh2,0,Dense Ridge,1.0,0.005,1200,600,0,0.14568753375326596,0.22713709128933027,0.20431623768537582,0.31157904569612505
ETTh2,0,Nonself Dense Ridge,1.0,0.005,1200,600,18,0.5827427813418359,0.7428132620349122,0.6920193695886766,1.1210786438831182
ETTh2,0,DynVAR-Lasso Graph Ridge,1.0,0.005,1200,600,18,0.5827427813418359,0.7428132620349122,0.6920193695886766,1.1210786438831182
ETTh2,0,STCG-v1 Graph Ridge,1.0,0.005,1200,600,18,0.5827427813418359,0.7428132620349122,0.6920193695886766,1.1210786438831182
ETTh2,0,Persistence,0.25,0.01,300,150,0,0.1499476242483007,0.24559055458163162,0.2240359849620104,0.335650508067326
ETTh2,0,Dense Ridge,0.25,0.01,300,150,0,0.14568753375326596,0.22713709128933027,0.20431623768537582,0.31157904569612505
ETTh2,0,Nonself Dense Ridge,0.25,0.01,300,150,18,0.5827427813418359,0.7428132620349122,0.6920193695886766,1.1210786438831182
ETTh2,0,DynVAR-Lasso Graph Ridge,0.25,0.01,300,150,5,0.6186882409667805,0.7848096933749938,0.743372912488396,1.1146406070286357
ETTh2,0,STCG-v1 Graph Ridge,0.25,0.01,300,150,5,0.6186882409667805,0.7848096933749938,0.743372912488396,1.1146406070286357
ETTh2,0,Persistence,0.5,0.01,300,150,0,0.1499476242483007,0.24559055458163162,0.2240359849620104,0.335650508067326
ETTh2,0,Dense Ridge,0.5,0.01,300,150,0,0.14568753375326596,0.22713709128933027,0.20431623768537582,0.31157904569612505
ETTh2,0,Nonself Dense Ridge,0.5,0.01,300,150,18,0.5827427813418359,0.7428132620349122,0.6920193695886766,1.1210786438831182
ETTh2,0,DynVAR-Lasso Graph Ridge,0.5,0.01,300,150,9,0.6127784073756043,0.7681856948848559,0.7270195719906694,1.1360821679762076
ETTh2,0,STCG-v1 Graph Ridge,0.5,0.01,300,150,9,0.6127784073756043,0.7681856948848559,0.7270195719906694,1.1360821679762076
ETTh2,0,Persistence,0.75,0.01,300,150,0,0.1499476242483007,0.24559055458163162,0.2240359849620104,0.335650508067326
ETTh2,0,Dense Ridge,0.75,0.01,300,150,0,0.14568753375326596,0.22713709128933027,0.20431623768537582,0.31157904569612505
ETTh2,0,Nonself Dense Ridge,0.75,0.01,300,150,18,0.5827427813418359,0.7428132620349122,0.6920193695886766,1.1210786438831182
ETTh2,0,DynVAR-Lasso Graph Ridge,0.75,0.01,300,150,14,0.5869268284768983,0.7476450371699274,0.6968266834077042,1.1244727868449147
ETTh2,0,STCG-v1 Graph Ridge,0.75,0.01,300,150,14,0.5869268284768983,0.7476450371699274,0.6968266834077042,1.1244727868449147
ETTh2,0,Persistence,1.0,0.01,300,150,0,0.1499476242483007,0.24559055458163162,0.2240359849620104,0.335650508067326
ETTh2,0,Dense Ridge,1.0,0.01,300,150,0,0.14568753375326596,0.22713709128933027,0.20431623768537582,0.31157904569612505
ETTh2,0,Nonself Dense Ridge,1.0,0.01,300,150,18,0.5827427813418359,0.7428132620349122,0.6920193695886766,1.1210786438831182
ETTh2,0,DynVAR-Lasso Graph Ridge,1.0,0.01,300,150,18,0.5827427813418359,0.7428132620349122,0.6920193695886766,1.1210786438831182
ETTh2,0,STCG-v1 Graph Ridge,1.0,0.01,300,150,18,0.5827427813418359,0.7428132620349122,0.6920193695886766,1.1210786438831182
ETTh2,0,Persistence,0.25,0.01,600,300,0,0.1499476242483007,0.24559055458163162,0.2240359849620104,0.335650508067326
ETTh2,0,Dense Ridge,0.25,0.01,600,300,0,0.14568753375326596,0.22713709128933027,0.20431623768537582,0.31157904569612505
ETTh2,0,Nonself Dense Ridge,0.25,0.01,600,300,18,0.5827427813418359,0.7428132620349122,0.6920193695886766,1.1210786438831182
ETTh2,0,DynVAR-Lasso Graph Ridge,0.25,0.01,600,300,5,0.6874837842491945,0.8946875702608257,0.8086284010531182,1.4548959275347604
ETTh2,0,STCG-v1 Graph Ridge,0.25,0.01,600,300,5,0.6874837842491945,0.8946875702608257,0.8086284010531182,1.4548959275347604
ETTh2,0,Persistence,0.5,0.01,600,300,0,0.1499476242483007,0.24559055458163162,0.2240359849620104,0.335650508067326
ETTh2,0,Dense Ridge,0.5,0.01,600,300,0,0.14568753375326596,0.22713709128933027,0.20431623768537582,0.31157904569612505
ETTh2,0,Nonself Dense Ridge,0.5,0.01,600,300,18,0.5827427813418359,0.7428132620349122,0.6920193695886766,1.1210786438831182
ETTh2,0,DynVAR-Lasso Graph Ridge,0.5,0.01,600,300,9,0.6154318226347597,0.7803413333144971,0.7350090944772024,1.1227585532796274
ETTh2,0,STCG-v1 Graph Ridge,0.5,0.01,600,300,9,0.6154318226347597,0.7803413333144971,0.7350090944772024,1.1227585532796274
ETTh2,0,Persistence,0.75,0.01,600,300,0,0.1499476242483007,0.24559055458163162,0.2240359849620104,0.335650508067326
ETTh2,0,Dense Ridge,0.75,0.01,600,300,0,0.14568753375326596,0.22713709128933027,0.20431623768537582,0.31157904569612505
ETTh2,0,Nonself Dense Ridge,0.75,0.01,600,300,18,0.5827427813418359,0.7428132620349122,0.6920193695886766,1.1210786438831182
ETTh2,0,DynVAR-Lasso Graph Ridge,0.75,0.01,600,300,14,0.5818868529460575,0.7428123465512101,0.6913749966104523,1.1212083756611568
ETTh2,0,STCG-v1 Graph Ridge,0.75,0.01,600,300,14,0.5818868529460575,0.7428123465512101,0.6913749966104523,1.1212083756611568
ETTh2,0,Persistence,1.0,0.01,600,300,0,0.1499476242483007,0.24559055458163162,0.2240359849620104,0.335650508067326
ETTh2,0,Dense Ridge,1.0,0.01,600,300,0,0.14568753375326596,0.22713709128933027,0.20431623768537582,0.31157904569612505
ETTh2,0,Nonself Dense Ridge,1.0,0.01,600,300,18,0.5827427813418359,0.7428132620349122,0.6920193695886766,1.1210786438831182
ETTh2,0,DynVAR-Lasso Graph Ridge,1.0,0.01,600,300,18,0.5827427813418359,0.7428132620349122,0.6920193695886766,1.1210786438831182
ETTh2,0,STCG-v1 Graph Ridge,1.0,0.01,600,300,18,0.5827427813418359,0.7428132620349122,0.6920193695886766,1.1210786438831182
ETTh2,0,Persistence,0.25,0.01,1200,600,0,0.1499476242483007,0.24559055458163162,0.2240359849620104,0.335650508067326
ETTh2,0,Dense Ridge,0.25,0.01,1200,600,0,0.14568753375326596,0.22713709128933027,0.20431623768537582,0.31157904569612505
ETTh2,0,Nonself Dense Ridge,0.25,0.01,1200,600,18,0.5827427813418359,0.7428132620349122,0.6920193695886766,1.1210786438831182
ETTh2,0,DynVAR-Lasso Graph Ridge,0.25,0.01,1200,600,5,0.6524821049063987,0.8364420708433137,0.768394606333656,1.1911193527875432
ETTh2,0,STCG-v1 Graph Ridge,0.25,0.01,1200,600,5,0.7322979823592416,0.9055388182399537,0.8666370500314363,1.1677590875781418
ETTh2,0,Persistence,0.5,0.01,1200,600,0,0.1499476242483007,0.24559055458163162,0.2240359849620104,0.335650508067326
ETTh2,0,Dense Ridge,0.5,0.01,1200,600,0,0.14568753375326596,0.22713709128933027,0.20431623768537582,0.31157904569612505
ETTh2,0,Nonself Dense Ridge,0.5,0.01,1200,600,18,0.5827427813418359,0.7428132620349122,0.6920193695886766,1.1210786438831182
ETTh2,0,DynVAR-Lasso Graph Ridge,0.5,0.01,1200,600,9,0.6553264500612633,0.8173478805019715,0.7693002633392163,1.1230155101776336
ETTh2,0,STCG-v1 Graph Ridge,0.5,0.01,1200,600,9,0.6188659670988889,0.785413318346932,0.7354931796423309,1.1351303142535432
ETTh2,0,Persistence,0.75,0.01,1200,600,0,0.1499476242483007,0.24559055458163162,0.2240359849620104,0.335650508067326
ETTh2,0,Dense Ridge,0.75,0.01,1200,600,0,0.14568753375326596,0.22713709128933027,0.20431623768537582,0.31157904569612505
ETTh2,0,Nonself Dense Ridge,0.75,0.01,1200,600,18,0.5827427813418359,0.7428132620349122,0.6920193695886766,1.1210786438831182
ETTh2,0,DynVAR-Lasso Graph Ridge,0.75,0.01,1200,600,14,0.5843979666973518,0.7444397065471963,0.6938017006574546,1.1212083756611568
ETTh2,0,STCG-v1 Graph Ridge,0.75,0.01,1200,600,14,0.584220290270386,0.7444659143455489,0.6937601974492004,1.1212083756611568
ETTh2,0,Persistence,1.0,0.01,1200,600,0,0.1499476242483007,0.24559055458163162,0.2240359849620104,0.335650508067326
ETTh2,0,Dense Ridge,1.0,0.01,1200,600,0,0.14568753375326596,0.22713709128933027,0.20431623768537582,0.31157904569612505
ETTh2,0,Nonself Dense Ridge,1.0,0.01,1200,600,18,0.5827427813418359,0.7428132620349122,0.6920193695886766,1.1210786438831182
ETTh2,0,DynVAR-Lasso Graph Ridge,1.0,0.01,1200,600,18,0.5827427813418359,0.7428132620349122,0.6920193695886766,1.1210786438831182
ETTh2,0,STCG-v1 Graph Ridge,1.0,0.01,1200,600,18,0.5827427813418359,0.7428132620349122,0.6920193695886766,1.1210786438831182
