dataset,method,n,graph_fraction,lasso_alpha,window_size,window_stride,feature_budget_per_target,mae_mean,mae_std,rmse_mean,rmse_std,node_rmse_mean_mean,node_rmse_mean_std,node_rmse_max_mean,node_rmse_max_std,delta_vs_dense_rmse,delta_vs_persistence_rmse,beats_dense,beats_persistence
ETTh1,Persistence,1,0.25,0.001,300,150,0,0.269241262267238,0.0,0.439274730676546,0.0,0.4061337454035368,0.0,0.573608722921841,0.0,0.03073507822356769,0.0,False,False
ETTh1,Persistence,1,0.25,0.001,600,300,0,0.269241262267238,0.0,0.439274730676546,0.0,0.4061337454035368,0.0,0.573608722921841,0.0,0.03073507822356769,0.0,False,False
ETTh1,Persistence,1,0.25,0.001,1200,600,0,0.269241262267238,0.0,0.439274730676546,0.0,0.4061337454035368,0.0,0.573608722921841,0.0,0.03073507822356769,0.0,False,False
ETTh1,Persistence,1,0.25,0.003,300,150,0,0.269241262267238,0.0,0.439274730676546,0.0,0.4061337454035368,0.0,0.573608722921841,0.0,0.03073507822356769,0.0,False,False
ETTh1,Persistence,1,0.25,0.003,600,300,0,0.269241262267238,0.0,0.439274730676546,0.0,0.4061337454035368,0.0,0.573608722921841,0.0,0.03073507822356769,0.0,False,False
ETTh1,Persistence,1,0.25,0.003,1200,600,0,0.269241262267238,0.0,0.439274730676546,0.0,0.4061337454035368,0.0,0.573608722921841,0.0,0.03073507822356769,0.0,False,False
ETTh1,Persistence,1,0.25,0.005,300,150,0,0.269241262267238,0.0,0.439274730676546,0.0,0.4061337454035368,0.0,0.573608722921841,0.0,0.03073507822356769,0.0,False,False
ETTh1,Persistence,1,0.25,0.005,600,300,0,0.269241262267238,0.0,0.439274730676546,0.0,0.4061337454035368,0.0,0.573608722921841,0.0,0.03073507822356769,0.0,False,False
ETTh1,Persistence,1,0.25,0.005,1200,600,0,0.269241262267238,0.0,0.439274730676546,0.0,0.4061337454035368,0.0,0.573608722921841,0.0,0.03073507822356769,0.0,False,False
ETTh1,Persistence,1,0.25,0.01,300,150,0,0.269241262267238,0.0,0.439274730676546,0.0,0.4061337454035368,0.0,0.573608722921841,0.0,0.03073507822356769,0.0,False,False
ETTh1,Persistence,1,0.25,0.01,600,300,0,0.269241262267238,0.0,0.439274730676546,0.0,0.4061337454035368,0.0,0.573608722921841,0.0,0.03073507822356769,0.0,False,False
ETTh1,Persistence,1,0.25,0.01,1200,600,0,0.269241262267238,0.0,0.439274730676546,0.0,0.4061337454035368,0.0,0.573608722921841,0.0,0.03073507822356769,0.0,False,False
ETTh1,Persistence,1,0.5,0.001,300,150,0,0.269241262267238,0.0,0.439274730676546,0.0,0.4061337454035368,0.0,0.573608722921841,0.0,0.03073507822356769,0.0,False,False
ETTh1,Persistence,1,0.5,0.001,600,300,0,0.269241262267238,0.0,0.439274730676546,0.0,0.4061337454035368,0.0,0.573608722921841,0.0,0.03073507822356769,0.0,False,False
ETTh1,Persistence,1,0.5,0.001,1200,600,0,0.269241262267238,0.0,0.439274730676546,0.0,0.4061337454035368,0.0,0.573608722921841,0.0,0.03073507822356769,0.0,False,False
ETTh1,Persistence,1,0.5,0.003,300,150,0,0.269241262267238,0.0,0.439274730676546,0.0,0.4061337454035368,0.0,0.573608722921841,0.0,0.03073507822356769,0.0,False,False
ETTh1,Persistence,1,0.5,0.003,600,300,0,0.269241262267238,0.0,0.439274730676546,0.0,0.4061337454035368,0.0,0.573608722921841,0.0,0.03073507822356769,0.0,False,False
ETTh1,Persistence,1,0.5,0.003,1200,600,0,0.269241262267238,0.0,0.439274730676546,0.0,0.4061337454035368,0.0,0.573608722921841,0.0,0.03073507822356769,0.0,False,False
ETTh1,Persistence,1,0.5,0.005,300,150,0,0.269241262267238,0.0,0.439274730676546,0.0,0.4061337454035368,0.0,0.573608722921841,0.0,0.03073507822356769,0.0,False,False
ETTh1,Persistence,1,0.5,0.005,600,300,0,0.269241262267238,0.0,0.439274730676546,0.0,0.4061337454035368,0.0,0.573608722921841,0.0,0.03073507822356769,0.0,False,False
ETTh1,Persistence,1,0.5,0.005,1200,600,0,0.269241262267238,0.0,0.439274730676546,0.0,0.4061337454035368,0.0,0.573608722921841,0.0,0.03073507822356769,0.0,False,False
ETTh1,Persistence,1,0.5,0.01,300,150,0,0.269241262267238,0.0,0.439274730676546,0.0,0.4061337454035368,0.0,0.573608722921841,0.0,0.03073507822356769,0.0,False,False
ETTh1,Persistence,1,0.5,0.01,600,300,0,0.269241262267238,0.0,0.439274730676546,0.0,0.4061337454035368,0.0,0.573608722921841,0.0,0.03073507822356769,0.0,False,False
ETTh1,Persistence,1,0.5,0.01,1200,600,0,0.269241262267238,0.0,0.439274730676546,0.0,0.4061337454035368,0.0,0.573608722921841,0.0,0.03073507822356769,0.0,False,False
ETTh1,Persistence,1,0.75,0.001,300,150,0,0.269241262267238,0.0,0.439274730676546,0.0,0.4061337454035368,0.0,0.573608722921841,0.0,0.03073507822356769,0.0,False,False
ETTh1,Persistence,1,0.75,0.001,600,300,0,0.269241262267238,0.0,0.439274730676546,0.0,0.4061337454035368,0.0,0.573608722921841,0.0,0.03073507822356769,0.0,False,False
ETTh1,Persistence,1,0.75,0.001,1200,600,0,0.269241262267238,0.0,0.439274730676546,0.0,0.4061337454035368,0.0,0.573608722921841,0.0,0.03073507822356769,0.0,False,False
ETTh1,Persistence,1,0.75,0.003,300,150,0,0.269241262267238,0.0,0.439274730676546,0.0,0.4061337454035368,0.0,0.573608722921841,0.0,0.03073507822356769,0.0,False,False
ETTh1,Persistence,1,0.75,0.003,600,300,0,0.269241262267238,0.0,0.439274730676546,0.0,0.4061337454035368,0.0,0.573608722921841,0.0,0.03073507822356769,0.0,False,False
ETTh1,Persistence,1,0.75,0.003,1200,600,0,0.269241262267238,0.0,0.439274730676546,0.0,0.4061337454035368,0.0,0.573608722921841,0.0,0.03073507822356769,0.0,False,False
ETTh1,Persistence,1,0.75,0.005,300,150,0,0.269241262267238,0.0,0.439274730676546,0.0,0.4061337454035368,0.0,0.573608722921841,0.0,0.03073507822356769,0.0,False,False
ETTh1,Persistence,1,0.75,0.005,600,300,0,0.269241262267238,0.0,0.439274730676546,0.0,0.4061337454035368,0.0,0.573608722921841,0.0,0.03073507822356769,0.0,False,False
ETTh1,Persistence,1,0.75,0.005,1200,600,0,0.269241262267238,0.0,0.439274730676546,0.0,0.4061337454035368,0.0,0.573608722921841,0.0,0.03073507822356769,0.0,False,False
ETTh1,Persistence,1,0.75,0.01,300,150,0,0.269241262267238,0.0,0.439274730676546,0.0,0.4061337454035368,0.0,0.573608722921841,0.0,0.03073507822356769,0.0,False,False
ETTh1,Persistence,1,0.75,0.01,600,300,0,0.269241262267238,0.0,0.439274730676546,0.0,0.4061337454035368,0.0,0.573608722921841,0.0,0.03073507822356769,0.0,False,False
ETTh1,Persistence,1,0.75,0.01,1200,600,0,0.269241262267238,0.0,0.439274730676546,0.0,0.4061337454035368,0.0,0.573608722921841,0.0,0.03073507822356769,0.0,False,False
ETTh1,Persistence,1,1.0,0.001,300,150,0,0.269241262267238,0.0,0.439274730676546,0.0,0.4061337454035368,0.0,0.573608722921841,0.0,0.03073507822356769,0.0,False,False
ETTh1,Persistence,1,1.0,0.001,600,300,0,0.269241262267238,0.0,0.439274730676546,0.0,0.4061337454035368,0.0,0.573608722921841,0.0,0.03073507822356769,0.0,False,False
ETTh1,Persistence,1,1.0,0.001,1200,600,0,0.269241262267238,0.0,0.439274730676546,0.0,0.4061337454035368,0.0,0.573608722921841,0.0,0.03073507822356769,0.0,False,False
ETTh1,Persistence,1,1.0,0.003,300,150,0,0.269241262267238,0.0,0.439274730676546,0.0,0.4061337454035368,0.0,0.573608722921841,0.0,0.03073507822356769,0.0,False,False
ETTh1,Persistence,1,1.0,0.003,600,300,0,0.269241262267238,0.0,0.439274730676546,0.0,0.4061337454035368,0.0,0.573608722921841,0.0,0.03073507822356769,0.0,False,False
ETTh1,Persistence,1,1.0,0.003,1200,600,0,0.269241262267238,0.0,0.439274730676546,0.0,0.4061337454035368,0.0,0.573608722921841,0.0,0.03073507822356769,0.0,False,False
ETTh1,Persistence,1,1.0,0.005,300,150,0,0.269241262267238,0.0,0.439274730676546,0.0,0.4061337454035368,0.0,0.573608722921841,0.0,0.03073507822356769,0.0,False,False
ETTh1,Persistence,1,1.0,0.005,600,300,0,0.269241262267238,0.0,0.439274730676546,0.0,0.4061337454035368,0.0,0.573608722921841,0.0,0.03073507822356769,0.0,False,False
ETTh1,Persistence,1,1.0,0.005,1200,600,0,0.269241262267238,0.0,0.439274730676546,0.0,0.4061337454035368,0.0,0.573608722921841,0.0,0.03073507822356769,0.0,False,False
ETTh1,Persistence,1,1.0,0.01,300,150,0,0.269241262267238,0.0,0.439274730676546,0.0,0.4061337454035368,0.0,0.573608722921841,0.0,0.03073507822356769,0.0,False,False
ETTh1,Persistence,1,1.0,0.01,600,300,0,0.269241262267238,0.0,0.439274730676546,0.0,0.4061337454035368,0.0,0.573608722921841,0.0,0.03073507822356769,0.0,False,False
ETTh1,Persistence,1,1.0,0.01,1200,600,0,0.269241262267238,0.0,0.439274730676546,0.0,0.4061337454035368,0.0,0.573608722921841,0.0,0.03073507822356769,0.0,False,False
ETTh1,Dense Ridge,1,0.25,0.001,300,150,0,0.26226889010382226,0.0,0.4085396524529783,0.0,0.3801217388346658,0.0,0.5554508338509985,0.0,0.0,-0.03073507822356769,False,True
ETTh1,Dense Ridge,1,0.25,0.001,600,300,0,0.26226889010382226,0.0,0.4085396524529783,0.0,0.3801217388346658,0.0,0.5554508338509985,0.0,0.0,-0.03073507822356769,False,True
ETTh1,Dense Ridge,1,0.25,0.001,1200,600,0,0.26226889010382226,0.0,0.4085396524529783,0.0,0.3801217388346658,0.0,0.5554508338509985,0.0,0.0,-0.03073507822356769,False,True
ETTh1,Dense Ridge,1,0.25,0.003,300,150,0,0.26226889010382226,0.0,0.4085396524529783,0.0,0.3801217388346658,0.0,0.5554508338509985,0.0,0.0,-0.03073507822356769,False,True
ETTh1,Dense Ridge,1,0.25,0.003,600,300,0,0.26226889010382226,0.0,0.4085396524529783,0.0,0.3801217388346658,0.0,0.5554508338509985,0.0,0.0,-0.03073507822356769,False,True
ETTh1,Dense Ridge,1,0.25,0.003,1200,600,0,0.26226889010382226,0.0,0.4085396524529783,0.0,0.3801217388346658,0.0,0.5554508338509985,0.0,0.0,-0.03073507822356769,False,True
ETTh1,Dense Ridge,1,0.25,0.005,300,150,0,0.26226889010382226,0.0,0.4085396524529783,0.0,0.3801217388346658,0.0,0.5554508338509985,0.0,0.0,-0.03073507822356769,False,True
ETTh1,Dense Ridge,1,0.25,0.005,600,300,0,0.26226889010382226,0.0,0.4085396524529783,0.0,0.3801217388346658,0.0,0.5554508338509985,0.0,0.0,-0.03073507822356769,False,True
ETTh1,Dense Ridge,1,0.25,0.005,1200,600,0,0.26226889010382226,0.0,0.4085396524529783,0.0,0.3801217388346658,0.0,0.5554508338509985,0.0,0.0,-0.03073507822356769,False,True
ETTh1,Dense Ridge,1,0.25,0.01,300,150,0,0.26226889010382226,0.0,0.4085396524529783,0.0,0.3801217388346658,0.0,0.5554508338509985,0.0,0.0,-0.03073507822356769,False,True
ETTh1,Dense Ridge,1,0.25,0.01,600,300,0,0.26226889010382226,0.0,0.4085396524529783,0.0,0.3801217388346658,0.0,0.5554508338509985,0.0,0.0,-0.03073507822356769,False,True
ETTh1,Dense Ridge,1,0.25,0.01,1200,600,0,0.26226889010382226,0.0,0.4085396524529783,0.0,0.3801217388346658,0.0,0.5554508338509985,0.0,0.0,-0.03073507822356769,False,True
ETTh1,Dense Ridge,1,0.5,0.001,300,150,0,0.26226889010382226,0.0,0.4085396524529783,0.0,0.3801217388346658,0.0,0.5554508338509985,0.0,0.0,-0.03073507822356769,False,True
ETTh1,Dense Ridge,1,0.5,0.001,600,300,0,0.26226889010382226,0.0,0.4085396524529783,0.0,0.3801217388346658,0.0,0.5554508338509985,0.0,0.0,-0.03073507822356769,False,True
ETTh1,Dense Ridge,1,0.5,0.001,1200,600,0,0.26226889010382226,0.0,0.4085396524529783,0.0,0.3801217388346658,0.0,0.5554508338509985,0.0,0.0,-0.03073507822356769,False,True
ETTh1,Dense Ridge,1,0.5,0.003,300,150,0,0.26226889010382226,0.0,0.4085396524529783,0.0,0.3801217388346658,0.0,0.5554508338509985,0.0,0.0,-0.03073507822356769,False,True
ETTh1,Dense Ridge,1,0.5,0.003,600,300,0,0.26226889010382226,0.0,0.4085396524529783,0.0,0.3801217388346658,0.0,0.5554508338509985,0.0,0.0,-0.03073507822356769,False,True
ETTh1,Dense Ridge,1,0.5,0.003,1200,600,0,0.26226889010382226,0.0,0.4085396524529783,0.0,0.3801217388346658,0.0,0.5554508338509985,0.0,0.0,-0.03073507822356769,False,True
ETTh1,Dense Ridge,1,0.5,0.005,300,150,0,0.26226889010382226,0.0,0.4085396524529783,0.0,0.3801217388346658,0.0,0.5554508338509985,0.0,0.0,-0.03073507822356769,False,True
ETTh1,Dense Ridge,1,0.5,0.005,600,300,0,0.26226889010382226,0.0,0.4085396524529783,0.0,0.3801217388346658,0.0,0.5554508338509985,0.0,0.0,-0.03073507822356769,False,True
ETTh1,Dense Ridge,1,0.5,0.005,1200,600,0,0.26226889010382226,0.0,0.4085396524529783,0.0,0.3801217388346658,0.0,0.5554508338509985,0.0,0.0,-0.03073507822356769,False,True
ETTh1,Dense Ridge,1,0.5,0.01,300,150,0,0.26226889010382226,0.0,0.4085396524529783,0.0,0.3801217388346658,0.0,0.5554508338509985,0.0,0.0,-0.03073507822356769,False,True
ETTh1,Dense Ridge,1,0.5,0.01,600,300,0,0.26226889010382226,0.0,0.4085396524529783,0.0,0.3801217388346658,0.0,0.5554508338509985,0.0,0.0,-0.03073507822356769,False,True
ETTh1,Dense Ridge,1,0.5,0.01,1200,600,0,0.26226889010382226,0.0,0.4085396524529783,0.0,0.3801217388346658,0.0,0.5554508338509985,0.0,0.0,-0.03073507822356769,False,True
ETTh1,Dense Ridge,1,0.75,0.001,300,150,0,0.26226889010382226,0.0,0.4085396524529783,0.0,0.3801217388346658,0.0,0.5554508338509985,0.0,0.0,-0.03073507822356769,False,True
ETTh1,Dense Ridge,1,0.75,0.001,600,300,0,0.26226889010382226,0.0,0.4085396524529783,0.0,0.3801217388346658,0.0,0.5554508338509985,0.0,0.0,-0.03073507822356769,False,True
ETTh1,Dense Ridge,1,0.75,0.001,1200,600,0,0.26226889010382226,0.0,0.4085396524529783,0.0,0.3801217388346658,0.0,0.5554508338509985,0.0,0.0,-0.03073507822356769,False,True
ETTh1,Dense Ridge,1,0.75,0.003,300,150,0,0.26226889010382226,0.0,0.4085396524529783,0.0,0.3801217388346658,0.0,0.5554508338509985,0.0,0.0,-0.03073507822356769,False,True
ETTh1,Dense Ridge,1,0.75,0.003,600,300,0,0.26226889010382226,0.0,0.4085396524529783,0.0,0.3801217388346658,0.0,0.5554508338509985,0.0,0.0,-0.03073507822356769,False,True
ETTh1,Dense Ridge,1,0.75,0.003,1200,600,0,0.26226889010382226,0.0,0.4085396524529783,0.0,0.3801217388346658,0.0,0.5554508338509985,0.0,0.0,-0.03073507822356769,False,True
ETTh1,Dense Ridge,1,0.75,0.005,300,150,0,0.26226889010382226,0.0,0.4085396524529783,0.0,0.3801217388346658,0.0,0.5554508338509985,0.0,0.0,-0.03073507822356769,False,True
ETTh1,Dense Ridge,1,0.75,0.005,600,300,0,0.26226889010382226,0.0,0.4085396524529783,0.0,0.3801217388346658,0.0,0.5554508338509985,0.0,0.0,-0.03073507822356769,False,True
ETTh1,Dense Ridge,1,0.75,0.005,1200,600,0,0.26226889010382226,0.0,0.4085396524529783,0.0,0.3801217388346658,0.0,0.5554508338509985,0.0,0.0,-0.03073507822356769,False,True
ETTh1,Dense Ridge,1,0.75,0.01,300,150,0,0.26226889010382226,0.0,0.4085396524529783,0.0,0.3801217388346658,0.0,0.5554508338509985,0.0,0.0,-0.03073507822356769,False,True
ETTh1,Dense Ridge,1,0.75,0.01,600,300,0,0.26226889010382226,0.0,0.4085396524529783,0.0,0.3801217388346658,0.0,0.5554508338509985,0.0,0.0,-0.03073507822356769,False,True
ETTh1,Dense Ridge,1,0.75,0.01,1200,600,0,0.26226889010382226,0.0,0.4085396524529783,0.0,0.3801217388346658,0.0,0.5554508338509985,0.0,0.0,-0.03073507822356769,False,True
ETTh1,Dense Ridge,1,1.0,0.001,300,150,0,0.26226889010382226,0.0,0.4085396524529783,0.0,0.3801217388346658,0.0,0.5554508338509985,0.0,0.0,-0.03073507822356769,False,True
ETTh1,Dense Ridge,1,1.0,0.001,600,300,0,0.26226889010382226,0.0,0.4085396524529783,0.0,0.3801217388346658,0.0,0.5554508338509985,0.0,0.0,-0.03073507822356769,False,True
ETTh1,Dense Ridge,1,1.0,0.001,1200,600,0,0.26226889010382226,0.0,0.4085396524529783,0.0,0.3801217388346658,0.0,0.5554508338509985,0.0,0.0,-0.03073507822356769,False,True
ETTh1,Dense Ridge,1,1.0,0.003,300,150,0,0.26226889010382226,0.0,0.4085396524529783,0.0,0.3801217388346658,0.0,0.5554508338509985,0.0,0.0,-0.03073507822356769,False,True
ETTh1,Dense Ridge,1,1.0,0.003,600,300,0,0.26226889010382226,0.0,0.4085396524529783,0.0,0.3801217388346658,0.0,0.5554508338509985,0.0,0.0,-0.03073507822356769,False,True
ETTh1,Dense Ridge,1,1.0,0.003,1200,600,0,0.26226889010382226,0.0,0.4085396524529783,0.0,0.3801217388346658,0.0,0.5554508338509985,0.0,0.0,-0.03073507822356769,False,True
ETTh1,Dense Ridge,1,1.0,0.005,300,150,0,0.26226889010382226,0.0,0.4085396524529783,0.0,0.3801217388346658,0.0,0.5554508338509985,0.0,0.0,-0.03073507822356769,False,True
ETTh1,Dense Ridge,1,1.0,0.005,600,300,0,0.26226889010382226,0.0,0.4085396524529783,0.0,0.3801217388346658,0.0,0.5554508338509985,0.0,0.0,-0.03073507822356769,False,True
ETTh1,Dense Ridge,1,1.0,0.005,1200,600,0,0.26226889010382226,0.0,0.4085396524529783,0.0,0.3801217388346658,0.0,0.5554508338509985,0.0,0.0,-0.03073507822356769,False,True
ETTh1,Dense Ridge,1,1.0,0.01,300,150,0,0.26226889010382226,0.0,0.4085396524529783,0.0,0.3801217388346658,0.0,0.5554508338509985,0.0,0.0,-0.03073507822356769,False,True
ETTh1,Dense Ridge,1,1.0,0.01,600,300,0,0.26226889010382226,0.0,0.4085396524529783,0.0,0.3801217388346658,0.0,0.5554508338509985,0.0,0.0,-0.03073507822356769,False,True
ETTh1,Dense Ridge,1,1.0,0.01,1200,600,0,0.26226889010382226,0.0,0.4085396524529783,0.0,0.3801217388346658,0.0,0.5554508338509985,0.0,0.0,-0.03073507822356769,False,True
ETTh1,Nonself Dense Ridge,1,0.25,0.001,300,150,18,0.520903788511754,0.0,0.7777923460283843,0.0,0.6517220561916925,0.0,1.6628422285320914,0.0,0.369252693575406,0.33851761535183833,False,False
ETTh1,Nonself Dense Ridge,1,0.25,0.001,600,300,18,0.520903788511754,0.0,0.7777923460283843,0.0,0.6517220561916925,0.0,1.6628422285320914,0.0,0.369252693575406,0.33851761535183833,False,False
ETTh1,Nonself Dense Ridge,1,0.25,0.001,1200,600,18,0.520903788511754,0.0,0.7777923460283843,0.0,0.6517220561916925,0.0,1.6628422285320914,0.0,0.369252693575406,0.33851761535183833,False,False
ETTh1,Nonself Dense Ridge,1,0.25,0.003,300,150,18,0.520903788511754,0.0,0.7777923460283843,0.0,0.6517220561916925,0.0,1.6628422285320914,0.0,0.369252693575406,0.33851761535183833,False,False
ETTh1,Nonself Dense Ridge,1,0.25,0.003,600,300,18,0.520903788511754,0.0,0.7777923460283843,0.0,0.6517220561916925,0.0,1.6628422285320914,0.0,0.369252693575406,0.33851761535183833,False,False
ETTh1,Nonself Dense Ridge,1,0.25,0.003,1200,600,18,0.520903788511754,0.0,0.7777923460283843,0.0,0.6517220561916925,0.0,1.6628422285320914,0.0,0.369252693575406,0.33851761535183833,False,False
ETTh1,Nonself Dense Ridge,1,0.25,0.005,300,150,18,0.520903788511754,0.0,0.7777923460283843,0.0,0.6517220561916925,0.0,1.6628422285320914,0.0,0.369252693575406,0.33851761535183833,False,False
ETTh1,Nonself Dense Ridge,1,0.25,0.005,600,300,18,0.520903788511754,0.0,0.7777923460283843,0.0,0.6517220561916925,0.0,1.6628422285320914,0.0,0.369252693575406,0.33851761535183833,False,False
ETTh1,Nonself Dense Ridge,1,0.25,0.005,1200,600,18,0.520903788511754,0.0,0.7777923460283843,0.0,0.6517220561916925,0.0,1.6628422285320914,0.0,0.369252693575406,0.33851761535183833,False,False
ETTh1,Nonself Dense Ridge,1,0.25,0.01,300,150,18,0.520903788511754,0.0,0.7777923460283843,0.0,0.6517220561916925,0.0,1.6628422285320914,0.0,0.369252693575406,0.33851761535183833,False,False
ETTh1,Nonself Dense Ridge,1,0.25,0.01,600,300,18,0.520903788511754,0.0,0.7777923460283843,0.0,0.6517220561916925,0.0,1.6628422285320914,0.0,0.369252693575406,0.33851761535183833,False,False
ETTh1,Nonself Dense Ridge,1,0.25,0.01,1200,600,18,0.520903788511754,0.0,0.7777923460283843,0.0,0.6517220561916925,0.0,1.6628422285320914,0.0,0.369252693575406,0.33851761535183833,False,False
ETTh1,Nonself Dense Ridge,1,0.5,0.001,300,150,18,0.520903788511754,0.0,0.7777923460283843,0.0,0.6517220561916925,0.0,1.6628422285320914,0.0,0.369252693575406,0.33851761535183833,False,False
ETTh1,Nonself Dense Ridge,1,0.5,0.001,600,300,18,0.520903788511754,0.0,0.7777923460283843,0.0,0.6517220561916925,0.0,1.6628422285320914,0.0,0.369252693575406,0.33851761535183833,False,False
ETTh1,Nonself Dense Ridge,1,0.5,0.001,1200,600,18,0.520903788511754,0.0,0.7777923460283843,0.0,0.6517220561916925,0.0,1.6628422285320914,0.0,0.369252693575406,0.33851761535183833,False,False
ETTh1,Nonself Dense Ridge,1,0.5,0.003,300,150,18,0.520903788511754,0.0,0.7777923460283843,0.0,0.6517220561916925,0.0,1.6628422285320914,0.0,0.369252693575406,0.33851761535183833,False,False
ETTh1,Nonself Dense Ridge,1,0.5,0.003,600,300,18,0.520903788511754,0.0,0.7777923460283843,0.0,0.6517220561916925,0.0,1.6628422285320914,0.0,0.369252693575406,0.33851761535183833,False,False
ETTh1,Nonself Dense Ridge,1,0.5,0.003,1200,600,18,0.520903788511754,0.0,0.7777923460283843,0.0,0.6517220561916925,0.0,1.6628422285320914,0.0,0.369252693575406,0.33851761535183833,False,False
ETTh1,Nonself Dense Ridge,1,0.5,0.005,300,150,18,0.520903788511754,0.0,0.7777923460283843,0.0,0.6517220561916925,0.0,1.6628422285320914,0.0,0.369252693575406,0.33851761535183833,False,False
ETTh1,Nonself Dense Ridge,1,0.5,0.005,600,300,18,0.520903788511754,0.0,0.7777923460283843,0.0,0.6517220561916925,0.0,1.6628422285320914,0.0,0.369252693575406,0.33851761535183833,False,False
ETTh1,Nonself Dense Ridge,1,0.5,0.005,1200,600,18,0.520903788511754,0.0,0.7777923460283843,0.0,0.6517220561916925,0.0,1.6628422285320914,0.0,0.369252693575406,0.33851761535183833,False,False
ETTh1,Nonself Dense Ridge,1,0.5,0.01,300,150,18,0.520903788511754,0.0,0.7777923460283843,0.0,0.6517220561916925,0.0,1.6628422285320914,0.0,0.369252693575406,0.33851761535183833,False,False
ETTh1,Nonself Dense Ridge,1,0.5,0.01,600,300,18,0.520903788511754,0.0,0.7777923460283843,0.0,0.6517220561916925,0.0,1.6628422285320914,0.0,0.369252693575406,0.33851761535183833,False,False
ETTh1,Nonself Dense Ridge,1,0.5,0.01,1200,600,18,0.520903788511754,0.0,0.7777923460283843,0.0,0.6517220561916925,0.0,1.6628422285320914,0.0,0.369252693575406,0.33851761535183833,False,False
ETTh1,Nonself Dense Ridge,1,0.75,0.001,300,150,18,0.520903788511754,0.0,0.7777923460283843,0.0,0.6517220561916925,0.0,1.6628422285320914,0.0,0.369252693575406,0.33851761535183833,False,False
ETTh1,Nonself Dense Ridge,1,0.75,0.001,600,300,18,0.520903788511754,0.0,0.7777923460283843,0.0,0.6517220561916925,0.0,1.6628422285320914,0.0,0.369252693575406,0.33851761535183833,False,False
ETTh1,Nonself Dense Ridge,1,0.75,0.001,1200,600,18,0.520903788511754,0.0,0.7777923460283843,0.0,0.6517220561916925,0.0,1.6628422285320914,0.0,0.369252693575406,0.33851761535183833,False,False
ETTh1,Nonself Dense Ridge,1,0.75,0.003,300,150,18,0.520903788511754,0.0,0.7777923460283843,0.0,0.6517220561916925,0.0,1.6628422285320914,0.0,0.369252693575406,0.33851761535183833,False,False
ETTh1,Nonself Dense Ridge,1,0.75,0.003,600,300,18,0.520903788511754,0.0,0.7777923460283843,0.0,0.6517220561916925,0.0,1.6628422285320914,0.0,0.369252693575406,0.33851761535183833,False,False
ETTh1,Nonself Dense Ridge,1,0.75,0.003,1200,600,18,0.520903788511754,0.0,0.7777923460283843,0.0,0.6517220561916925,0.0,1.6628422285320914,0.0,0.369252693575406,0.33851761535183833,False,False
ETTh1,Nonself Dense Ridge,1,0.75,0.005,300,150,18,0.520903788511754,0.0,0.7777923460283843,0.0,0.6517220561916925,0.0,1.6628422285320914,0.0,0.369252693575406,0.33851761535183833,False,False
ETTh1,Nonself Dense Ridge,1,0.75,0.005,600,300,18,0.520903788511754,0.0,0.7777923460283843,0.0,0.6517220561916925,0.0,1.6628422285320914,0.0,0.369252693575406,0.33851761535183833,False,False
ETTh1,Nonself Dense Ridge,1,0.75,0.005,1200,600,18,0.520903788511754,0.0,0.7777923460283843,0.0,0.6517220561916925,0.0,1.6628422285320914,0.0,0.369252693575406,0.33851761535183833,False,False
ETTh1,Nonself Dense Ridge,1,0.75,0.01,300,150,18,0.520903788511754,0.0,0.7777923460283843,0.0,0.6517220561916925,0.0,1.6628422285320914,0.0,0.369252693575406,0.33851761535183833,False,False
ETTh1,Nonself Dense Ridge,1,0.75,0.01,600,300,18,0.520903788511754,0.0,0.7777923460283843,0.0,0.6517220561916925,0.0,1.6628422285320914,0.0,0.369252693575406,0.33851761535183833,False,False
ETTh1,Nonself Dense Ridge,1,0.75,0.01,1200,600,18,0.520903788511754,0.0,0.7777923460283843,0.0,0.6517220561916925,0.0,1.6628422285320914,0.0,0.369252693575406,0.33851761535183833,False,False
ETTh1,Nonself Dense Ridge,1,1.0,0.001,300,150,18,0.520903788511754,0.0,0.7777923460283843,0.0,0.6517220561916925,0.0,1.6628422285320914,0.0,0.369252693575406,0.33851761535183833,False,False
ETTh1,Nonself Dense Ridge,1,1.0,0.001,600,300,18,0.520903788511754,0.0,0.7777923460283843,0.0,0.6517220561916925,0.0,1.6628422285320914,0.0,0.369252693575406,0.33851761535183833,False,False
ETTh1,Nonself Dense Ridge,1,1.0,0.001,1200,600,18,0.520903788511754,0.0,0.7777923460283843,0.0,0.6517220561916925,0.0,1.6628422285320914,0.0,0.369252693575406,0.33851761535183833,False,False
ETTh1,Nonself Dense Ridge,1,1.0,0.003,300,150,18,0.520903788511754,0.0,0.7777923460283843,0.0,0.6517220561916925,0.0,1.6628422285320914,0.0,0.369252693575406,0.33851761535183833,False,False
ETTh1,Nonself Dense Ridge,1,1.0,0.003,600,300,18,0.520903788511754,0.0,0.7777923460283843,0.0,0.6517220561916925,0.0,1.6628422285320914,0.0,0.369252693575406,0.33851761535183833,False,False
ETTh1,Nonself Dense Ridge,1,1.0,0.003,1200,600,18,0.520903788511754,0.0,0.7777923460283843,0.0,0.6517220561916925,0.0,1.6628422285320914,0.0,0.369252693575406,0.33851761535183833,False,False
ETTh1,Nonself Dense Ridge,1,1.0,0.005,300,150,18,0.520903788511754,0.0,0.7777923460283843,0.0,0.6517220561916925,0.0,1.6628422285320914,0.0,0.369252693575406,0.33851761535183833,False,False
ETTh1,Nonself Dense Ridge,1,1.0,0.005,600,300,18,0.520903788511754,0.0,0.7777923460283843,0.0,0.6517220561916925,0.0,1.6628422285320914,0.0,0.369252693575406,0.33851761535183833,False,False
ETTh1,Nonself Dense Ridge,1,1.0,0.005,1200,600,18,0.520903788511754,0.0,0.7777923460283843,0.0,0.6517220561916925,0.0,1.6628422285320914,0.0,0.369252693575406,0.33851761535183833,False,False
ETTh1,Nonself Dense Ridge,1,1.0,0.01,300,150,18,0.520903788511754,0.0,0.7777923460283843,0.0,0.6517220561916925,0.0,1.6628422285320914,0.0,0.369252693575406,0.33851761535183833,False,False
ETTh1,Nonself Dense Ridge,1,1.0,0.01,600,300,18,0.520903788511754,0.0,0.7777923460283843,0.0,0.6517220561916925,0.0,1.6628422285320914,0.0,0.369252693575406,0.33851761535183833,False,False
ETTh1,Nonself Dense Ridge,1,1.0,0.01,1200,600,18,0.520903788511754,0.0,0.7777923460283843,0.0,0.6517220561916925,0.0,1.6628422285320914,0.0,0.369252693575406,0.33851761535183833,False,False
ETTh1,DynVAR-Lasso Graph Ridge,1,0.25,0.001,300,150,5,0.5877959907394182,0.0,0.7977705840746527,0.0,0.7329706250619455,0.0,1.4562238962023861,0.0,0.38923093162167444,0.35849585339810675,False,False
ETTh1,DynVAR-Lasso Graph Ridge,1,0.25,0.001,600,300,5,0.5505192852623596,0.0,0.7765487456207105,0.0,0.6893738343541636,0.0,1.5214552788603373,0.0,0.3680090931677322,0.33727401494416454,False,False
ETTh1,DynVAR-Lasso Graph Ridge,1,0.25,0.001,1200,600,5,0.5287768593770834,0.0,0.7709667367778522,0.0,0.6591953890709777,0.0,1.613257736672157,0.0,0.3624270843248739,0.3316920061013062,False,False
ETTh1,DynVAR-Lasso Graph Ridge,1,0.25,0.003,300,150,5,0.5076593269324057,0.0,0.7270968119002319,0.0,0.6400361708747789,0.0,1.4694574389348252,0.0,0.3185571594472536,0.2878220812236859,False,False
ETTh1,DynVAR-Lasso Graph Ridge,1,0.25,0.003,600,300,5,0.5313880973724636,0.0,0.7793181459764821,0.0,0.662890658702964,0.0,1.613096638720609,0.0,0.3707784935235038,0.3400434152999361,False,False
ETTh1,DynVAR-Lasso Graph Ridge,1,0.25,0.003,1200,600,5,0.5279536202581692,0.0,0.7702532643053572,0.0,0.6561225952347477,0.0,1.6169438889076362,0.0,0.36171361185237894,0.33097853362881124,False,False
ETTh1,DynVAR-Lasso Graph Ridge,1,0.25,0.005,300,150,5,0.5064247452007976,0.0,0.7278153990204247,0.0,0.6355859489075808,0.0,1.4893792835893909,0.0,0.3192757465674464,0.2885406683438787,False,False
ETTh1,DynVAR-Lasso Graph Ridge,1,0.25,0.005,600,300,5,0.5190186242835916,0.0,0.7479240555829006,0.0,0.6489528658055699,0.0,1.4975984906805628,0.0,0.33938440312992235,0.30864932490635466,False,False
ETTh1,DynVAR-Lasso Graph Ridge,1,0.25,0.005,1200,600,5,0.5419209443673856,0.0,0.7894574709320219,0.0,0.6766574528856578,0.0,1.6185988209760147,0.0,0.3809178184790436,0.3501827402554759,False,False
ETTh1,DynVAR-Lasso Graph Ridge,1,0.25,0.01,300,150,5,0.5612714623116163,0.0,0.803490078643943,0.0,0.7058642180948066,0.0,1.4840948670437732,0.0,0.39495042619096465,0.36421534796739696,False,False
ETTh1,DynVAR-Lasso Graph Ridge,1,0.25,0.01,600,300,5,0.5469288602950639,0.0,0.7962118227105062,0.0,0.6828735071726059,0.0,1.6418851077636063,0.0,0.38767217025752787,0.3569370920339602,False,False
ETTh1,DynVAR-Lasso Graph Ridge,1,0.25,0.01,1200,600,5,0.539178461665232,0.0,0.7855499615514145,0.0,0.6724090875331034,0.0,1.6219062171202383,0.0,0.37701030909843625,0.34627523087486856,False,False
ETTh1,DynVAR-Lasso Graph Ridge,1,0.5,0.001,300,150,9,0.5393261719749152,0.0,0.7876937336430264,0.0,0.6738434380142929,0.0,1.646193348777689,0.0,0.3791540811900481,0.34841900296648043,False,False
ETTh1,DynVAR-Lasso Graph Ridge,1,0.5,0.001,600,300,9,0.5259257356543776,0.0,0.777321713610956,0.0,0.6577812068534422,0.0,1.6478379153517493,0.0,0.36878206115797774,0.33804698293441005,False,False
ETTh1,DynVAR-Lasso Graph Ridge,1,0.5,0.001,1200,600,9,0.5232704922480963,0.0,0.7708945010056393,0.0,0.6554276652507164,0.0,1.6217199979340957,0.0,0.362354848552661,0.3316197703290933,False,False
ETTh1,DynVAR-Lasso Graph Ridge,1,0.5,0.003,300,150,9,0.5254603722019697,0.0,0.7770973911704293,0.0,0.6577501276801664,0.0,1.646193348777689,0.0,0.368557738717451,0.3378226604938833,False,False
ETTh1,DynVAR-Lasso Graph Ridge,1,0.5,0.003,600,300,9,0.5070469736584591,0.0,0.7613859393075489,0.0,0.6355499192974323,0.0,1.6518593177999354,0.0,0.35284628685457065,0.32211120863100295,False,False
ETTh1,DynVAR-Lasso Graph Ridge,1,0.5,0.003,1200,600,9,0.5436609627051915,0.0,0.7970970417284415,0.0,0.6788570892983212,0.0,1.640664465619653,0.0,0.38855738927546324,0.35782231105189555,False,False
ETTh1,DynVAR-Lasso Graph Ridge,1,0.5,0.005,300,150,9,0.5228774805125705,0.0,0.7755697850152602,0.0,0.6548997707640236,0.0,1.646193348777689,0.0,0.3670301325622819,0.3362950543387142,False,False
ETTh1,DynVAR-Lasso Graph Ridge,1,0.5,0.005,600,300,9,0.5574868439264503,0.0,0.8220727514465475,0.0,0.6960659006459444,0.0,1.6553767208988481,0.0,0.41353309899356916,0.38279802077000147,False,False
ETTh1,DynVAR-Lasso Graph Ridge,1,0.5,0.005,1200,600,9,0.5576335464497819,0.0,0.8166156179356676,0.0,0.6967350733495138,0.0,1.6405367553052546,0.0,0.4080759654826893,0.3773408872591216,False,False
ETTh1,DynVAR-Lasso Graph Ridge,1,0.5,0.01,300,150,9,0.5598806999369588,0.0,0.8152986733681898,0.0,0.699037815888585,0.0,1.6468331435296013,0.0,0.40675902091521154,0.37602394269164385,False,False
ETTh1,DynVAR-Lasso Graph Ridge,1,0.5,0.01,600,300,9,0.5603097997690479,0.0,0.8288971769353587,0.0,0.7008895930089933,0.0,1.6579176882082938,0.0,0.4203575244823804,0.3896224462588127,False,False
ETTh1,DynVAR-Lasso Graph Ridge,1,0.5,0.01,1200,600,9,0.5757393043310298,0.0,0.8374429741261971,0.0,0.7212803383519669,0.0,1.6405367553052546,0.0,0.42890332167321876,0.39816824344965107,False,False
ETTh1,DynVAR-Lasso Graph Ridge,1,0.75,0.001,300,150,14,0.5272499392461288,0.0,0.7816103242411998,0.0,0.6598319793836698,0.0,1.660205069652454,0.0,0.3730706717882215,0.3423355935646538,False,False
ETTh1,DynVAR-Lasso Graph Ridge,1,0.75,0.001,600,300,14,0.5229222585654772,0.0,0.7782564403076867,0.0,0.6543711442394485,0.0,1.6587625246414375,0.0,0.3697167878547084,0.3389817096311407,False,False
ETTh1,DynVAR-Lasso Graph Ridge,1,0.75,0.001,1200,600,14,0.5237815123044565,0.0,0.7789325452233431,0.0,0.6551908181425757,0.0,1.6590590069722324,0.0,0.3703928927703648,0.3396578145467971,False,False
ETTh1,DynVAR-Lasso Graph Ridge,1,0.75,0.003,300,150,14,0.5203306146069736,0.0,0.7758235626294063,0.0,0.6522268216214497,0.0,1.6549460941173828,0.0,0.36728391017642803,0.33654883195286034,False,False
ETTh1,DynVAR-Lasso Graph Ridge,1,0.75,0.003,600,300,14,0.522039311057461,0.0,0.777585575496994,0.0,0.6532510061057036,0.0,1.6587625246414375,0.0,0.36904592304401573,0.33831084482044804,False,False
ETTh1,DynVAR-Lasso Graph Ridge,1,0.75,0.003,1200,600,14,0.5225224770161848,0.0,0.7781823636289961,0.0,0.6538753638982575,0.0,1.6587454662600776,0.0,0.36964271117601777,0.3389076329524501,False,False
ETTh1,DynVAR-Lasso Graph Ridge,1,0.75,0.005,300,150,14,0.5209079886674504,0.0,0.777972824137424,0.0,0.6529430984798628,0.0,1.6618399963415633,0.0,0.36943317168444567,0.338698093460878,False,False
ETTh1,DynVAR-Lasso Graph Ridge,1,0.75,0.005,600,300,14,0.5313635235131021,0.0,0.7885587165786996,0.0,0.6640720379099203,0.0,1.6609376512670921,0.0,0.3800190641257213,0.3492839859021536,False,False
ETTh1,DynVAR-Lasso Graph Ridge,1,0.75,0.005,1200,600,14,0.5320062059467642,0.0,0.7880989811717021,0.0,0.6643516755380163,0.0,1.6581877236591558,0.0,0.3795593287187238,0.3488242504951561,False,False
ETTh1,DynVAR-Lasso Graph Ridge,1,0.75,0.01,300,150,14,0.5415215779435042,0.0,0.7984288320492292,0.0,0.6765819644950183,0.0,1.6611320870931592,0.0,0.3898891795962509,0.3591541013726832,False,False
ETTh1,DynVAR-Lasso Graph Ridge,1,0.75,0.01,600,300,14,0.5345658282233017,0.0,0.7929103943089844,0.0,0.6673726813466642,0.0,1.6588047497762175,0.0,0.38437074185600606,0.35363566363243837,False,False
ETTh1,DynVAR-Lasso Graph Ridge,1,0.75,0.01,1200,600,14,0.5606772717412322,0.0,0.8221892828667112,0.0,0.699742767701282,0.0,1.6581877236591558,0.0,0.4136496304137329,0.38291455219016524,False,False
ETTh1,DynVAR-Lasso Graph Ridge,1,1.0,0.001,300,150,18,0.520903788511754,0.0,0.7777923460283843,0.0,0.6517220561916925,0.0,1.6628422285320914,0.0,0.369252693575406,0.33851761535183833,False,False
ETTh1,DynVAR-Lasso Graph Ridge,1,1.0,0.001,600,300,18,0.520903788511754,0.0,0.7777923460283843,0.0,0.6517220561916925,0.0,1.6628422285320914,0.0,0.369252693575406,0.33851761535183833,False,False
ETTh1,DynVAR-Lasso Graph Ridge,1,1.0,0.001,1200,600,18,0.520903788511754,0.0,0.7777923460283843,0.0,0.6517220561916925,0.0,1.6628422285320914,0.0,0.369252693575406,0.33851761535183833,False,False
ETTh1,DynVAR-Lasso Graph Ridge,1,1.0,0.003,300,150,18,0.520903788511754,0.0,0.7777923460283843,0.0,0.6517220561916925,0.0,1.6628422285320914,0.0,0.369252693575406,0.33851761535183833,False,False
ETTh1,DynVAR-Lasso Graph Ridge,1,1.0,0.003,600,300,18,0.520903788511754,0.0,0.7777923460283843,0.0,0.6517220561916925,0.0,1.6628422285320914,0.0,0.369252693575406,0.33851761535183833,False,False
ETTh1,DynVAR-Lasso Graph Ridge,1,1.0,0.003,1200,600,18,0.520903788511754,0.0,0.7777923460283843,0.0,0.6517220561916925,0.0,1.6628422285320914,0.0,0.369252693575406,0.33851761535183833,False,False
ETTh1,DynVAR-Lasso Graph Ridge,1,1.0,0.005,300,150,18,0.520903788511754,0.0,0.7777923460283843,0.0,0.6517220561916925,0.0,1.6628422285320914,0.0,0.369252693575406,0.33851761535183833,False,False
ETTh1,DynVAR-Lasso Graph Ridge,1,1.0,0.005,600,300,18,0.520903788511754,0.0,0.7777923460283843,0.0,0.6517220561916925,0.0,1.6628422285320914,0.0,0.369252693575406,0.33851761535183833,False,False
ETTh1,DynVAR-Lasso Graph Ridge,1,1.0,0.005,1200,600,18,0.520903788511754,0.0,0.7777923460283843,0.0,0.6517220561916925,0.0,1.6628422285320914,0.0,0.369252693575406,0.33851761535183833,False,False
ETTh1,DynVAR-Lasso Graph Ridge,1,1.0,0.01,300,150,18,0.520903788511754,0.0,0.7777923460283843,0.0,0.6517220561916925,0.0,1.6628422285320914,0.0,0.369252693575406,0.33851761535183833,False,False
ETTh1,DynVAR-Lasso Graph Ridge,1,1.0,0.01,600,300,18,0.520903788511754,0.0,0.7777923460283843,0.0,0.6517220561916925,0.0,1.6628422285320914,0.0,0.369252693575406,0.33851761535183833,False,False
ETTh1,DynVAR-Lasso Graph Ridge,1,1.0,0.01,1200,600,18,0.520903788511754,0.0,0.7777923460283843,0.0,0.6517220561916925,0.0,1.6628422285320914,0.0,0.369252693575406,0.33851761535183833,False,False
ETTh1,STCG-v1 Graph Ridge,1,0.25,0.001,300,150,5,0.5877959907394182,0.0,0.7977705840746527,0.0,0.7329706250619455,0.0,1.4562238962023861,0.0,0.38923093162167444,0.35849585339810675,False,False
ETTh1,STCG-v1 Graph Ridge,1,0.25,0.001,600,300,5,0.5505192852623596,0.0,0.7765487456207105,0.0,0.6893738343541636,0.0,1.5214552788603373,0.0,0.3680090931677322,0.33727401494416454,False,False
ETTh1,STCG-v1 Graph Ridge,1,0.25,0.001,1200,600,5,0.5092499755430173,0.0,0.7577076254004201,0.0,0.6422437379525997,0.0,1.613257736672157,0.0,0.34916797294744184,0.31843289472387415,False,False
ETTh1,STCG-v1 Graph Ridge,1,0.25,0.003,300,150,5,0.5076593269324057,0.0,0.7270968119002319,0.0,0.6400361708747789,0.0,1.4694574389348252,0.0,0.3185571594472536,0.2878220812236859,False,False
ETTh1,STCG-v1 Graph Ridge,1,0.25,0.003,600,300,5,0.5313880973724636,0.0,0.7793181459764821,0.0,0.662890658702964,0.0,1.613096638720609,0.0,0.3707784935235038,0.3400434152999361,False,False
ETTh1,STCG-v1 Graph Ridge,1,0.25,0.003,1200,600,5,0.5409273028228629,0.0,0.7848333207631224,0.0,0.6744384176859982,0.0,1.6074537523443981,0.0,0.3762936683101441,0.3455585900865764,False,False
ETTh1,STCG-v1 Graph Ridge,1,0.25,0.005,300,150,5,0.5064247452007976,0.0,0.7278153990204247,0.0,0.6355859489075808,0.0,1.4893792835893909,0.0,0.3192757465674464,0.2885406683438787,False,False
ETTh1,STCG-v1 Graph Ridge,1,0.25,0.005,600,300,5,0.5190186242835916,0.0,0.7479240555829006,0.0,0.6489528658055699,0.0,1.4975984906805628,0.0,0.33938440312992235,0.30864932490635466,False,False
ETTh1,STCG-v1 Graph Ridge,1,0.25,0.005,1200,600,5,0.5423374668910006,0.0,0.7857449929356982,0.0,0.676291659441314,0.0,1.6074537523443981,0.0,0.3772053404827199,0.34647026225915223,False,False
ETTh1,STCG-v1 Graph Ridge,1,0.25,0.01,300,150,5,0.5612714623116163,0.0,0.803490078643943,0.0,0.7058642180948066,0.0,1.4840948670437732,0.0,0.39495042619096465,0.36421534796739696,False,False
ETTh1,STCG-v1 Graph Ridge,1,0.25,0.01,600,300,5,0.5469288602950639,0.0,0.7962118227105062,0.0,0.6828735071726059,0.0,1.6418851077636063,0.0,0.38767217025752787,0.3569370920339602,False,False
ETTh1,STCG-v1 Graph Ridge,1,0.25,0.01,1200,600,5,0.539178461665232,0.0,0.7855499615514145,0.0,0.6724090875331034,0.0,1.6219062171202383,0.0,0.37701030909843625,0.34627523087486856,False,False
ETTh1,STCG-v1 Graph Ridge,1,0.5,0.001,300,150,9,0.5393261719749152,0.0,0.7876937336430264,0.0,0.6738434380142929,0.0,1.646193348777689,0.0,0.3791540811900481,0.34841900296648043,False,False
ETTh1,STCG-v1 Graph Ridge,1,0.5,0.001,600,300,9,0.5259257356543776,0.0,0.777321713610956,0.0,0.6577812068534422,0.0,1.6478379153517493,0.0,0.36878206115797774,0.33804698293441005,False,False
ETTh1,STCG-v1 Graph Ridge,1,0.5,0.001,1200,600,9,0.5053690520913187,0.0,0.7598689249705503,0.0,0.6343942621455708,0.0,1.6480857130941131,0.0,0.35132927251757196,0.32059419429400426,False,False
ETTh1,STCG-v1 Graph Ridge,1,0.5,0.003,300,150,9,0.5254603722019697,0.0,0.7770973911704293,0.0,0.6577501276801664,0.0,1.646193348777689,0.0,0.368557738717451,0.3378226604938833,False,False
ETTh1,STCG-v1 Graph Ridge,1,0.5,0.003,600,300,9,0.5070469736584591,0.0,0.7613859393075489,0.0,0.6355499192974323,0.0,1.6518593177999354,0.0,0.35284628685457065,0.32211120863100295,False,False
ETTh1,STCG-v1 Graph Ridge,1,0.5,0.003,1200,600,9,0.5640404173845021,0.0,0.8235078825960678,0.0,0.704742801756928,0.0,1.648173834810229,0.0,0.4149682301430895,0.3842331519195218,False,False
ETTh1,STCG-v1 Graph Ridge,1,0.5,0.005,300,150,9,0.5228774805125705,0.0,0.7755697850152602,0.0,0.6548997707640236,0.0,1.646193348777689,0.0,0.3670301325622819,0.3362950543387142,False,False
ETTh1,STCG-v1 Graph Ridge,1,0.5,0.005,600,300,9,0.5574868439264503,0.0,0.8220727514465475,0.0,0.6960659006459444,0.0,1.6553767208988481,0.0,0.41353309899356916,0.38279802077000147,False,False
ETTh1,STCG-v1 Graph Ridge,1,0.5,0.005,1200,600,9,0.5581360221199141,0.0,0.8176656813970672,0.0,0.6979775828699165,0.0,1.6405367553052546,0.0,0.4091260289440889,0.3783909507205212,False,False
ETTh1,STCG-v1 Graph Ridge,1,0.5,0.01,300,150,9,0.5598806999369588,0.0,0.8152986733681898,0.0,0.699037815888585,0.0,1.6468331435296013,0.0,0.40675902091521154,0.37602394269164385,False,False
ETTh1,STCG-v1 Graph Ridge,1,0.5,0.01,600,300,9,0.5603097997690479,0.0,0.8288971769353587,0.0,0.7008895930089933,0.0,1.6579176882082938,0.0,0.4203575244823804,0.3896224462588127,False,False
ETTh1,STCG-v1 Graph Ridge,1,0.5,0.01,1200,600,9,0.5757393043310298,0.0,0.8374429741261971,0.0,0.7212803383519669,0.0,1.6405367553052546,0.0,0.42890332167321876,0.39816824344965107,False,False
ETTh1,STCG-v1 Graph Ridge,1,0.75,0.001,300,150,14,0.5272499392461288,0.0,0.7816103242411998,0.0,0.6598319793836698,0.0,1.660205069652454,0.0,0.3730706717882215,0.3423355935646538,False,False
ETTh1,STCG-v1 Graph Ridge,1,0.75,0.001,600,300,14,0.5229222585654772,0.0,0.7782564403076867,0.0,0.6543711442394485,0.0,1.6587625246414375,0.0,0.3697167878547084,0.3389817096311407,False,False
ETTh1,STCG-v1 Graph Ridge,1,0.75,0.001,1200,600,14,0.5231255517681073,0.0,0.7783973437062569,0.0,0.6545229870298189,0.0,1.659071446696973,0.0,0.3698576912532786,0.3391226130297109,False,False
ETTh1,STCG-v1 Graph Ridge,1,0.75,0.003,300,150,14,0.5203306146069736,0.0,0.7758235626294063,0.0,0.6522268216214497,0.0,1.6549460941173828,0.0,0.36728391017642803,0.33654883195286034,False,False
ETTh1,STCG-v1 Graph Ridge,1,0.75,0.003,600,300,14,0.522039311057461,0.0,0.777585575496994,0.0,0.6532510061057036,0.0,1.6587625246414375,0.0,0.36904592304401573,0.33831084482044804,False,False
ETTh1,STCG-v1 Graph Ridge,1,0.75,0.003,1200,600,14,0.5204630198905033,0.0,0.7765629680474715,0.0,0.6512324202372793,0.0,1.6588433530478397,0.0,0.3680233155944932,0.3372882373709255,False,False
ETTh1,STCG-v1 Graph Ridge,1,0.75,0.005,300,150,14,0.5209079886674504,0.0,0.777972824137424,0.0,0.6529430984798628,0.0,1.6618399963415633,0.0,0.36943317168444567,0.338698093460878,False,False
ETTh1,STCG-v1 Graph Ridge,1,0.75,0.005,600,300,14,0.5313635235131021,0.0,0.7885587165786996,0.0,0.6640720379099203,0.0,1.6609376512670921,0.0,0.3800190641257213,0.3492839859021536,False,False
ETTh1,STCG-v1 Graph Ridge,1,0.75,0.005,1200,600,14,0.5301320750712736,0.0,0.7868154372946552,0.0,0.6621571143546024,0.0,1.6581877236591558,0.0,0.3782757848416769,0.3475407066181092,False,False
ETTh1,STCG-v1 Graph Ridge,1,0.75,0.01,300,150,14,0.5415215779435042,0.0,0.7984288320492292,0.0,0.6765819644950183,0.0,1.6611320870931592,0.0,0.3898891795962509,0.3591541013726832,False,False
ETTh1,STCG-v1 Graph Ridge,1,0.75,0.01,600,300,14,0.5345658282233017,0.0,0.7929103943089844,0.0,0.6673726813466642,0.0,1.6588047497762175,0.0,0.38437074185600606,0.35363566363243837,False,False
ETTh1,STCG-v1 Graph Ridge,1,0.75,0.01,1200,600,14,0.5606772717412322,0.0,0.8221892828667112,0.0,0.699742767701282,0.0,1.6581877236591558,0.0,0.4136496304137329,0.38291455219016524,False,False
ETTh1,STCG-v1 Graph Ridge,1,1.0,0.001,300,150,18,0.520903788511754,0.0,0.7777923460283843,0.0,0.6517220561916925,0.0,1.6628422285320914,0.0,0.369252693575406,0.33851761535183833,False,False
ETTh1,STCG-v1 Graph Ridge,1,1.0,0.001,600,300,18,0.520903788511754,0.0,0.7777923460283843,0.0,0.6517220561916925,0.0,1.6628422285320914,0.0,0.369252693575406,0.33851761535183833,False,False
ETTh1,STCG-v1 Graph Ridge,1,1.0,0.001,1200,600,18,0.520903788511754,0.0,0.7777923460283843,0.0,0.6517220561916925,0.0,1.6628422285320914,0.0,0.369252693575406,0.33851761535183833,False,False
ETTh1,STCG-v1 Graph Ridge,1,1.0,0.003,300,150,18,0.520903788511754,0.0,0.7777923460283843,0.0,0.6517220561916925,0.0,1.6628422285320914,0.0,0.369252693575406,0.33851761535183833,False,False
ETTh1,STCG-v1 Graph Ridge,1,1.0,0.003,600,300,18,0.520903788511754,0.0,0.7777923460283843,0.0,0.6517220561916925,0.0,1.6628422285320914,0.0,0.369252693575406,0.33851761535183833,False,False
ETTh1,STCG-v1 Graph Ridge,1,1.0,0.003,1200,600,18,0.520903788511754,0.0,0.7777923460283843,0.0,0.6517220561916925,0.0,1.6628422285320914,0.0,0.369252693575406,0.33851761535183833,False,False
ETTh1,STCG-v1 Graph Ridge,1,1.0,0.005,300,150,18,0.520903788511754,0.0,0.7777923460283843,0.0,0.6517220561916925,0.0,1.6628422285320914,0.0,0.369252693575406,0.33851761535183833,False,False
ETTh1,STCG-v1 Graph Ridge,1,1.0,0.005,600,300,18,0.520903788511754,0.0,0.7777923460283843,0.0,0.6517220561916925,0.0,1.6628422285320914,0.0,0.369252693575406,0.33851761535183833,False,False
ETTh1,STCG-v1 Graph Ridge,1,1.0,0.005,1200,600,18,0.520903788511754,0.0,0.7777923460283843,0.0,0.6517220561916925,0.0,1.6628422285320914,0.0,0.369252693575406,0.33851761535183833,False,False
ETTh1,STCG-v1 Graph Ridge,1,1.0,0.01,300,150,18,0.520903788511754,0.0,0.7777923460283843,0.0,0.6517220561916925,0.0,1.6628422285320914,0.0,0.369252693575406,0.33851761535183833,False,False
ETTh1,STCG-v1 Graph Ridge,1,1.0,0.01,600,300,18,0.520903788511754,0.0,0.7777923460283843,0.0,0.6517220561916925,0.0,1.6628422285320914,0.0,0.369252693575406,0.33851761535183833,False,False
ETTh1,STCG-v1 Graph Ridge,1,1.0,0.01,1200,600,18,0.520903788511754,0.0,0.7777923460283843,0.0,0.6517220561916925,0.0,1.6628422285320914,0.0,0.369252693575406,0.33851761535183833,False,False
ETTh2,Persistence,1,0.25,0.001,300,150,0,0.1499476242483007,0.0,0.24559055458163162,0.0,0.2240359849620104,0.0,0.335650508067326,0.0,0.018453463292301353,0.0,False,False
ETTh2,Persistence,1,0.25,0.001,600,300,0,0.1499476242483007,0.0,0.24559055458163162,0.0,0.2240359849620104,0.0,0.335650508067326,0.0,0.018453463292301353,0.0,False,False
ETTh2,Persistence,1,0.25,0.001,1200,600,0,0.1499476242483007,0.0,0.24559055458163162,0.0,0.2240359849620104,0.0,0.335650508067326,0.0,0.018453463292301353,0.0,False,False
ETTh2,Persistence,1,0.25,0.003,300,150,0,0.1499476242483007,0.0,0.24559055458163162,0.0,0.2240359849620104,0.0,0.335650508067326,0.0,0.018453463292301353,0.0,False,False
ETTh2,Persistence,1,0.25,0.003,600,300,0,0.1499476242483007,0.0,0.24559055458163162,0.0,0.2240359849620104,0.0,0.335650508067326,0.0,0.018453463292301353,0.0,False,False
ETTh2,Persistence,1,0.25,0.003,1200,600,0,0.1499476242483007,0.0,0.24559055458163162,0.0,0.2240359849620104,0.0,0.335650508067326,0.0,0.018453463292301353,0.0,False,False
ETTh2,Persistence,1,0.25,0.005,300,150,0,0.1499476242483007,0.0,0.24559055458163162,0.0,0.2240359849620104,0.0,0.335650508067326,0.0,0.018453463292301353,0.0,False,False
ETTh2,Persistence,1,0.25,0.005,600,300,0,0.1499476242483007,0.0,0.24559055458163162,0.0,0.2240359849620104,0.0,0.335650508067326,0.0,0.018453463292301353,0.0,False,False
ETTh2,Persistence,1,0.25,0.005,1200,600,0,0.1499476242483007,0.0,0.24559055458163162,0.0,0.2240359849620104,0.0,0.335650508067326,0.0,0.018453463292301353,0.0,False,False
ETTh2,Persistence,1,0.25,0.01,300,150,0,0.1499476242483007,0.0,0.24559055458163162,0.0,0.2240359849620104,0.0,0.335650508067326,0.0,0.018453463292301353,0.0,False,False
ETTh2,Persistence,1,0.25,0.01,600,300,0,0.1499476242483007,0.0,0.24559055458163162,0.0,0.2240359849620104,0.0,0.335650508067326,0.0,0.018453463292301353,0.0,False,False
ETTh2,Persistence,1,0.25,0.01,1200,600,0,0.1499476242483007,0.0,0.24559055458163162,0.0,0.2240359849620104,0.0,0.335650508067326,0.0,0.018453463292301353,0.0,False,False
ETTh2,Persistence,1,0.5,0.001,300,150,0,0.1499476242483007,0.0,0.24559055458163162,0.0,0.2240359849620104,0.0,0.335650508067326,0.0,0.018453463292301353,0.0,False,False
ETTh2,Persistence,1,0.5,0.001,600,300,0,0.1499476242483007,0.0,0.24559055458163162,0.0,0.2240359849620104,0.0,0.335650508067326,0.0,0.018453463292301353,0.0,False,False
ETTh2,Persistence,1,0.5,0.001,1200,600,0,0.1499476242483007,0.0,0.24559055458163162,0.0,0.2240359849620104,0.0,0.335650508067326,0.0,0.018453463292301353,0.0,False,False
ETTh2,Persistence,1,0.5,0.003,300,150,0,0.1499476242483007,0.0,0.24559055458163162,0.0,0.2240359849620104,0.0,0.335650508067326,0.0,0.018453463292301353,0.0,False,False
ETTh2,Persistence,1,0.5,0.003,600,300,0,0.1499476242483007,0.0,0.24559055458163162,0.0,0.2240359849620104,0.0,0.335650508067326,0.0,0.018453463292301353,0.0,False,False
ETTh2,Persistence,1,0.5,0.003,1200,600,0,0.1499476242483007,0.0,0.24559055458163162,0.0,0.2240359849620104,0.0,0.335650508067326,0.0,0.018453463292301353,0.0,False,False
ETTh2,Persistence,1,0.5,0.005,300,150,0,0.1499476242483007,0.0,0.24559055458163162,0.0,0.2240359849620104,0.0,0.335650508067326,0.0,0.018453463292301353,0.0,False,False
ETTh2,Persistence,1,0.5,0.005,600,300,0,0.1499476242483007,0.0,0.24559055458163162,0.0,0.2240359849620104,0.0,0.335650508067326,0.0,0.018453463292301353,0.0,False,False
ETTh2,Persistence,1,0.5,0.005,1200,600,0,0.1499476242483007,0.0,0.24559055458163162,0.0,0.2240359849620104,0.0,0.335650508067326,0.0,0.018453463292301353,0.0,False,False
ETTh2,Persistence,1,0.5,0.01,300,150,0,0.1499476242483007,0.0,0.24559055458163162,0.0,0.2240359849620104,0.0,0.335650508067326,0.0,0.018453463292301353,0.0,False,False
ETTh2,Persistence,1,0.5,0.01,600,300,0,0.1499476242483007,0.0,0.24559055458163162,0.0,0.2240359849620104,0.0,0.335650508067326,0.0,0.018453463292301353,0.0,False,False
ETTh2,Persistence,1,0.5,0.01,1200,600,0,0.1499476242483007,0.0,0.24559055458163162,0.0,0.2240359849620104,0.0,0.335650508067326,0.0,0.018453463292301353,0.0,False,False
ETTh2,Persistence,1,0.75,0.001,300,150,0,0.1499476242483007,0.0,0.24559055458163162,0.0,0.2240359849620104,0.0,0.335650508067326,0.0,0.018453463292301353,0.0,False,False
ETTh2,Persistence,1,0.75,0.001,600,300,0,0.1499476242483007,0.0,0.24559055458163162,0.0,0.2240359849620104,0.0,0.335650508067326,0.0,0.018453463292301353,0.0,False,False
ETTh2,Persistence,1,0.75,0.001,1200,600,0,0.1499476242483007,0.0,0.24559055458163162,0.0,0.2240359849620104,0.0,0.335650508067326,0.0,0.018453463292301353,0.0,False,False
ETTh2,Persistence,1,0.75,0.003,300,150,0,0.1499476242483007,0.0,0.24559055458163162,0.0,0.2240359849620104,0.0,0.335650508067326,0.0,0.018453463292301353,0.0,False,False
ETTh2,Persistence,1,0.75,0.003,600,300,0,0.1499476242483007,0.0,0.24559055458163162,0.0,0.2240359849620104,0.0,0.335650508067326,0.0,0.018453463292301353,0.0,False,False
ETTh2,Persistence,1,0.75,0.003,1200,600,0,0.1499476242483007,0.0,0.24559055458163162,0.0,0.2240359849620104,0.0,0.335650508067326,0.0,0.018453463292301353,0.0,False,False
ETTh2,Persistence,1,0.75,0.005,300,150,0,0.1499476242483007,0.0,0.24559055458163162,0.0,0.2240359849620104,0.0,0.335650508067326,0.0,0.018453463292301353,0.0,False,False
ETTh2,Persistence,1,0.75,0.005,600,300,0,0.1499476242483007,0.0,0.24559055458163162,0.0,0.2240359849620104,0.0,0.335650508067326,0.0,0.018453463292301353,0.0,False,False
ETTh2,Persistence,1,0.75,0.005,1200,600,0,0.1499476242483007,0.0,0.24559055458163162,0.0,0.2240359849620104,0.0,0.335650508067326,0.0,0.018453463292301353,0.0,False,False
ETTh2,Persistence,1,0.75,0.01,300,150,0,0.1499476242483007,0.0,0.24559055458163162,0.0,0.2240359849620104,0.0,0.335650508067326,0.0,0.018453463292301353,0.0,False,False
ETTh2,Persistence,1,0.75,0.01,600,300,0,0.1499476242483007,0.0,0.24559055458163162,0.0,0.2240359849620104,0.0,0.335650508067326,0.0,0.018453463292301353,0.0,False,False
ETTh2,Persistence,1,0.75,0.01,1200,600,0,0.1499476242483007,0.0,0.24559055458163162,0.0,0.2240359849620104,0.0,0.335650508067326,0.0,0.018453463292301353,0.0,False,False
ETTh2,Persistence,1,1.0,0.001,300,150,0,0.1499476242483007,0.0,0.24559055458163162,0.0,0.2240359849620104,0.0,0.335650508067326,0.0,0.018453463292301353,0.0,False,False
ETTh2,Persistence,1,1.0,0.001,600,300,0,0.1499476242483007,0.0,0.24559055458163162,0.0,0.2240359849620104,0.0,0.335650508067326,0.0,0.018453463292301353,0.0,False,False
ETTh2,Persistence,1,1.0,0.001,1200,600,0,0.1499476242483007,0.0,0.24559055458163162,0.0,0.2240359849620104,0.0,0.335650508067326,0.0,0.018453463292301353,0.0,False,False
ETTh2,Persistence,1,1.0,0.003,300,150,0,0.1499476242483007,0.0,0.24559055458163162,0.0,0.2240359849620104,0.0,0.335650508067326,0.0,0.018453463292301353,0.0,False,False
ETTh2,Persistence,1,1.0,0.003,600,300,0,0.1499476242483007,0.0,0.24559055458163162,0.0,0.2240359849620104,0.0,0.335650508067326,0.0,0.018453463292301353,0.0,False,False
ETTh2,Persistence,1,1.0,0.003,1200,600,0,0.1499476242483007,0.0,0.24559055458163162,0.0,0.2240359849620104,0.0,0.335650508067326,0.0,0.018453463292301353,0.0,False,False
ETTh2,Persistence,1,1.0,0.005,300,150,0,0.1499476242483007,0.0,0.24559055458163162,0.0,0.2240359849620104,0.0,0.335650508067326,0.0,0.018453463292301353,0.0,False,False
ETTh2,Persistence,1,1.0,0.005,600,300,0,0.1499476242483007,0.0,0.24559055458163162,0.0,0.2240359849620104,0.0,0.335650508067326,0.0,0.018453463292301353,0.0,False,False
ETTh2,Persistence,1,1.0,0.005,1200,600,0,0.1499476242483007,0.0,0.24559055458163162,0.0,0.2240359849620104,0.0,0.335650508067326,0.0,0.018453463292301353,0.0,False,False
ETTh2,Persistence,1,1.0,0.01,300,150,0,0.1499476242483007,0.0,0.24559055458163162,0.0,0.2240359849620104,0.0,0.335650508067326,0.0,0.018453463292301353,0.0,False,False
ETTh2,Persistence,1,1.0,0.01,600,300,0,0.1499476242483007,0.0,0.24559055458163162,0.0,0.2240359849620104,0.0,0.335650508067326,0.0,0.018453463292301353,0.0,False,False
ETTh2,Persistence,1,1.0,0.01,1200,600,0,0.1499476242483007,0.0,0.24559055458163162,0.0,0.2240359849620104,0.0,0.335650508067326,0.0,0.018453463292301353,0.0,False,False
ETTh2,Dense Ridge,1,0.25,0.001,300,150,0,0.14568753375326596,0.0,0.22713709128933027,0.0,0.20431623768537582,0.0,0.31157904569612505,0.0,0.0,-0.018453463292301353,False,True
ETTh2,Dense Ridge,1,0.25,0.001,600,300,0,0.14568753375326596,0.0,0.22713709128933027,0.0,0.20431623768537582,0.0,0.31157904569612505,0.0,0.0,-0.018453463292301353,False,True
ETTh2,Dense Ridge,1,0.25,0.001,1200,600,0,0.14568753375326596,0.0,0.22713709128933027,0.0,0.20431623768537582,0.0,0.31157904569612505,0.0,0.0,-0.018453463292301353,False,True
ETTh2,Dense Ridge,1,0.25,0.003,300,150,0,0.14568753375326596,0.0,0.22713709128933027,0.0,0.20431623768537582,0.0,0.31157904569612505,0.0,0.0,-0.018453463292301353,False,True
ETTh2,Dense Ridge,1,0.25,0.003,600,300,0,0.14568753375326596,0.0,0.22713709128933027,0.0,0.20431623768537582,0.0,0.31157904569612505,0.0,0.0,-0.018453463292301353,False,True
ETTh2,Dense Ridge,1,0.25,0.003,1200,600,0,0.14568753375326596,0.0,0.22713709128933027,0.0,0.20431623768537582,0.0,0.31157904569612505,0.0,0.0,-0.018453463292301353,False,True
ETTh2,Dense Ridge,1,0.25,0.005,300,150,0,0.14568753375326596,0.0,0.22713709128933027,0.0,0.20431623768537582,0.0,0.31157904569612505,0.0,0.0,-0.018453463292301353,False,True
ETTh2,Dense Ridge,1,0.25,0.005,600,300,0,0.14568753375326596,0.0,0.22713709128933027,0.0,0.20431623768537582,0.0,0.31157904569612505,0.0,0.0,-0.018453463292301353,False,True
ETTh2,Dense Ridge,1,0.25,0.005,1200,600,0,0.14568753375326596,0.0,0.22713709128933027,0.0,0.20431623768537582,0.0,0.31157904569612505,0.0,0.0,-0.018453463292301353,False,True
ETTh2,Dense Ridge,1,0.25,0.01,300,150,0,0.14568753375326596,0.0,0.22713709128933027,0.0,0.20431623768537582,0.0,0.31157904569612505,0.0,0.0,-0.018453463292301353,False,True
ETTh2,Dense Ridge,1,0.25,0.01,600,300,0,0.14568753375326596,0.0,0.22713709128933027,0.0,0.20431623768537582,0.0,0.31157904569612505,0.0,0.0,-0.018453463292301353,False,True
ETTh2,Dense Ridge,1,0.25,0.01,1200,600,0,0.14568753375326596,0.0,0.22713709128933027,0.0,0.20431623768537582,0.0,0.31157904569612505,0.0,0.0,-0.018453463292301353,False,True
ETTh2,Dense Ridge,1,0.5,0.001,300,150,0,0.14568753375326596,0.0,0.22713709128933027,0.0,0.20431623768537582,0.0,0.31157904569612505,0.0,0.0,-0.018453463292301353,False,True
ETTh2,Dense Ridge,1,0.5,0.001,600,300,0,0.14568753375326596,0.0,0.22713709128933027,0.0,0.20431623768537582,0.0,0.31157904569612505,0.0,0.0,-0.018453463292301353,False,True
ETTh2,Dense Ridge,1,0.5,0.001,1200,600,0,0.14568753375326596,0.0,0.22713709128933027,0.0,0.20431623768537582,0.0,0.31157904569612505,0.0,0.0,-0.018453463292301353,False,True
ETTh2,Dense Ridge,1,0.5,0.003,300,150,0,0.14568753375326596,0.0,0.22713709128933027,0.0,0.20431623768537582,0.0,0.31157904569612505,0.0,0.0,-0.018453463292301353,False,True
ETTh2,Dense Ridge,1,0.5,0.003,600,300,0,0.14568753375326596,0.0,0.22713709128933027,0.0,0.20431623768537582,0.0,0.31157904569612505,0.0,0.0,-0.018453463292301353,False,True
ETTh2,Dense Ridge,1,0.5,0.003,1200,600,0,0.14568753375326596,0.0,0.22713709128933027,0.0,0.20431623768537582,0.0,0.31157904569612505,0.0,0.0,-0.018453463292301353,False,True
ETTh2,Dense Ridge,1,0.5,0.005,300,150,0,0.14568753375326596,0.0,0.22713709128933027,0.0,0.20431623768537582,0.0,0.31157904569612505,0.0,0.0,-0.018453463292301353,False,True
ETTh2,Dense Ridge,1,0.5,0.005,600,300,0,0.14568753375326596,0.0,0.22713709128933027,0.0,0.20431623768537582,0.0,0.31157904569612505,0.0,0.0,-0.018453463292301353,False,True
ETTh2,Dense Ridge,1,0.5,0.005,1200,600,0,0.14568753375326596,0.0,0.22713709128933027,0.0,0.20431623768537582,0.0,0.31157904569612505,0.0,0.0,-0.018453463292301353,False,True
ETTh2,Dense Ridge,1,0.5,0.01,300,150,0,0.14568753375326596,0.0,0.22713709128933027,0.0,0.20431623768537582,0.0,0.31157904569612505,0.0,0.0,-0.018453463292301353,False,True
ETTh2,Dense Ridge,1,0.5,0.01,600,300,0,0.14568753375326596,0.0,0.22713709128933027,0.0,0.20431623768537582,0.0,0.31157904569612505,0.0,0.0,-0.018453463292301353,False,True
ETTh2,Dense Ridge,1,0.5,0.01,1200,600,0,0.14568753375326596,0.0,0.22713709128933027,0.0,0.20431623768537582,0.0,0.31157904569612505,0.0,0.0,-0.018453463292301353,False,True
ETTh2,Dense Ridge,1,0.75,0.001,300,150,0,0.14568753375326596,0.0,0.22713709128933027,0.0,0.20431623768537582,0.0,0.31157904569612505,0.0,0.0,-0.018453463292301353,False,True
ETTh2,Dense Ridge,1,0.75,0.001,600,300,0,0.14568753375326596,0.0,0.22713709128933027,0.0,0.20431623768537582,0.0,0.31157904569612505,0.0,0.0,-0.018453463292301353,False,True
ETTh2,Dense Ridge,1,0.75,0.001,1200,600,0,0.14568753375326596,0.0,0.22713709128933027,0.0,0.20431623768537582,0.0,0.31157904569612505,0.0,0.0,-0.018453463292301353,False,True
ETTh2,Dense Ridge,1,0.75,0.003,300,150,0,0.14568753375326596,0.0,0.22713709128933027,0.0,0.20431623768537582,0.0,0.31157904569612505,0.0,0.0,-0.018453463292301353,False,True
ETTh2,Dense Ridge,1,0.75,0.003,600,300,0,0.14568753375326596,0.0,0.22713709128933027,0.0,0.20431623768537582,0.0,0.31157904569612505,0.0,0.0,-0.018453463292301353,False,True
ETTh2,Dense Ridge,1,0.75,0.003,1200,600,0,0.14568753375326596,0.0,0.22713709128933027,0.0,0.20431623768537582,0.0,0.31157904569612505,0.0,0.0,-0.018453463292301353,False,True
ETTh2,Dense Ridge,1,0.75,0.005,300,150,0,0.14568753375326596,0.0,0.22713709128933027,0.0,0.20431623768537582,0.0,0.31157904569612505,0.0,0.0,-0.018453463292301353,False,True
ETTh2,Dense Ridge,1,0.75,0.005,600,300,0,0.14568753375326596,0.0,0.22713709128933027,0.0,0.20431623768537582,0.0,0.31157904569612505,0.0,0.0,-0.018453463292301353,False,True
ETTh2,Dense Ridge,1,0.75,0.005,1200,600,0,0.14568753375326596,0.0,0.22713709128933027,0.0,0.20431623768537582,0.0,0.31157904569612505,0.0,0.0,-0.018453463292301353,False,True
ETTh2,Dense Ridge,1,0.75,0.01,300,150,0,0.14568753375326596,0.0,0.22713709128933027,0.0,0.20431623768537582,0.0,0.31157904569612505,0.0,0.0,-0.018453463292301353,False,True
ETTh2,Dense Ridge,1,0.75,0.01,600,300,0,0.14568753375326596,0.0,0.22713709128933027,0.0,0.20431623768537582,0.0,0.31157904569612505,0.0,0.0,-0.018453463292301353,False,True
ETTh2,Dense Ridge,1,0.75,0.01,1200,600,0,0.14568753375326596,0.0,0.22713709128933027,0.0,0.20431623768537582,0.0,0.31157904569612505,0.0,0.0,-0.018453463292301353,False,True
ETTh2,Dense Ridge,1,1.0,0.001,300,150,0,0.14568753375326596,0.0,0.22713709128933027,0.0,0.20431623768537582,0.0,0.31157904569612505,0.0,0.0,-0.018453463292301353,False,True
ETTh2,Dense Ridge,1,1.0,0.001,600,300,0,0.14568753375326596,0.0,0.22713709128933027,0.0,0.20431623768537582,0.0,0.31157904569612505,0.0,0.0,-0.018453463292301353,False,True
ETTh2,Dense Ridge,1,1.0,0.001,1200,600,0,0.14568753375326596,0.0,0.22713709128933027,0.0,0.20431623768537582,0.0,0.31157904569612505,0.0,0.0,-0.018453463292301353,False,True
ETTh2,Dense Ridge,1,1.0,0.003,300,150,0,0.14568753375326596,0.0,0.22713709128933027,0.0,0.20431623768537582,0.0,0.31157904569612505,0.0,0.0,-0.018453463292301353,False,True
ETTh2,Dense Ridge,1,1.0,0.003,600,300,0,0.14568753375326596,0.0,0.22713709128933027,0.0,0.20431623768537582,0.0,0.31157904569612505,0.0,0.0,-0.018453463292301353,False,True
ETTh2,Dense Ridge,1,1.0,0.003,1200,600,0,0.14568753375326596,0.0,0.22713709128933027,0.0,0.20431623768537582,0.0,0.31157904569612505,0.0,0.0,-0.018453463292301353,False,True
ETTh2,Dense Ridge,1,1.0,0.005,300,150,0,0.14568753375326596,0.0,0.22713709128933027,0.0,0.20431623768537582,0.0,0.31157904569612505,0.0,0.0,-0.018453463292301353,False,True
ETTh2,Dense Ridge,1,1.0,0.005,600,300,0,0.14568753375326596,0.0,0.22713709128933027,0.0,0.20431623768537582,0.0,0.31157904569612505,0.0,0.0,-0.018453463292301353,False,True
ETTh2,Dense Ridge,1,1.0,0.005,1200,600,0,0.14568753375326596,0.0,0.22713709128933027,0.0,0.20431623768537582,0.0,0.31157904569612505,0.0,0.0,-0.018453463292301353,False,True
ETTh2,Dense Ridge,1,1.0,0.01,300,150,0,0.14568753375326596,0.0,0.22713709128933027,0.0,0.20431623768537582,0.0,0.31157904569612505,0.0,0.0,-0.018453463292301353,False,True
ETTh2,Dense Ridge,1,1.0,0.01,600,300,0,0.14568753375326596,0.0,0.22713709128933027,0.0,0.20431623768537582,0.0,0.31157904569612505,0.0,0.0,-0.018453463292301353,False,True
ETTh2,Dense Ridge,1,1.0,0.01,1200,600,0,0.14568753375326596,0.0,0.22713709128933027,0.0,0.20431623768537582,0.0,0.31157904569612505,0.0,0.0,-0.018453463292301353,False,True
ETTh2,Nonself Dense Ridge,1,0.25,0.001,300,150,18,0.5827427813418359,0.0,0.7428132620349122,0.0,0.6920193695886766,0.0,1.1210786438831182,0.0,0.5156761707455819,0.49722270745328057,False,False
ETTh2,Nonself Dense Ridge,1,0.25,0.001,600,300,18,0.5827427813418359,0.0,0.7428132620349122,0.0,0.6920193695886766,0.0,1.1210786438831182,0.0,0.5156761707455819,0.49722270745328057,False,False
ETTh2,Nonself Dense Ridge,1,0.25,0.001,1200,600,18,0.5827427813418359,0.0,0.7428132620349122,0.0,0.6920193695886766,0.0,1.1210786438831182,0.0,0.5156761707455819,0.49722270745328057,False,False
ETTh2,Nonself Dense Ridge,1,0.25,0.003,300,150,18,0.5827427813418359,0.0,0.7428132620349122,0.0,0.6920193695886766,0.0,1.1210786438831182,0.0,0.5156761707455819,0.49722270745328057,False,False
ETTh2,Nonself Dense Ridge,1,0.25,0.003,600,300,18,0.5827427813418359,0.0,0.7428132620349122,0.0,0.6920193695886766,0.0,1.1210786438831182,0.0,0.5156761707455819,0.49722270745328057,False,False
ETTh2,Nonself Dense Ridge,1,0.25,0.003,1200,600,18,0.5827427813418359,0.0,0.7428132620349122,0.0,0.6920193695886766,0.0,1.1210786438831182,0.0,0.5156761707455819,0.49722270745328057,False,False
ETTh2,Nonself Dense Ridge,1,0.25,0.005,300,150,18,0.5827427813418359,0.0,0.7428132620349122,0.0,0.6920193695886766,0.0,1.1210786438831182,0.0,0.5156761707455819,0.49722270745328057,False,False
ETTh2,Nonself Dense Ridge,1,0.25,0.005,600,300,18,0.5827427813418359,0.0,0.7428132620349122,0.0,0.6920193695886766,0.0,1.1210786438831182,0.0,0.5156761707455819,0.49722270745328057,False,False
ETTh2,Nonself Dense Ridge,1,0.25,0.005,1200,600,18,0.5827427813418359,0.0,0.7428132620349122,0.0,0.6920193695886766,0.0,1.1210786438831182,0.0,0.5156761707455819,0.49722270745328057,False,False
ETTh2,Nonself Dense Ridge,1,0.25,0.01,300,150,18,0.5827427813418359,0.0,0.7428132620349122,0.0,0.6920193695886766,0.0,1.1210786438831182,0.0,0.5156761707455819,0.49722270745328057,False,False
ETTh2,Nonself Dense Ridge,1,0.25,0.01,600,300,18,0.5827427813418359,0.0,0.7428132620349122,0.0,0.6920193695886766,0.0,1.1210786438831182,0.0,0.5156761707455819,0.49722270745328057,False,False
ETTh2,Nonself Dense Ridge,1,0.25,0.01,1200,600,18,0.5827427813418359,0.0,0.7428132620349122,0.0,0.6920193695886766,0.0,1.1210786438831182,0.0,0.5156761707455819,0.49722270745328057,False,False
ETTh2,Nonself Dense Ridge,1,0.5,0.001,300,150,18,0.5827427813418359,0.0,0.7428132620349122,0.0,0.6920193695886766,0.0,1.1210786438831182,0.0,0.5156761707455819,0.49722270745328057,False,False
ETTh2,Nonself Dense Ridge,1,0.5,0.001,600,300,18,0.5827427813418359,0.0,0.7428132620349122,0.0,0.6920193695886766,0.0,1.1210786438831182,0.0,0.5156761707455819,0.49722270745328057,False,False
ETTh2,Nonself Dense Ridge,1,0.5,0.001,1200,600,18,0.5827427813418359,0.0,0.7428132620349122,0.0,0.6920193695886766,0.0,1.1210786438831182,0.0,0.5156761707455819,0.49722270745328057,False,False
ETTh2,Nonself Dense Ridge,1,0.5,0.003,300,150,18,0.5827427813418359,0.0,0.7428132620349122,0.0,0.6920193695886766,0.0,1.1210786438831182,0.0,0.5156761707455819,0.49722270745328057,False,False
ETTh2,Nonself Dense Ridge,1,0.5,0.003,600,300,18,0.5827427813418359,0.0,0.7428132620349122,0.0,0.6920193695886766,0.0,1.1210786438831182,0.0,0.5156761707455819,0.49722270745328057,False,False
ETTh2,Nonself Dense Ridge,1,0.5,0.003,1200,600,18,0.5827427813418359,0.0,0.7428132620349122,0.0,0.6920193695886766,0.0,1.1210786438831182,0.0,0.5156761707455819,0.49722270745328057,False,False
ETTh2,Nonself Dense Ridge,1,0.5,0.005,300,150,18,0.5827427813418359,0.0,0.7428132620349122,0.0,0.6920193695886766,0.0,1.1210786438831182,0.0,0.5156761707455819,0.49722270745328057,False,False
ETTh2,Nonself Dense Ridge,1,0.5,0.005,600,300,18,0.5827427813418359,0.0,0.7428132620349122,0.0,0.6920193695886766,0.0,1.1210786438831182,0.0,0.5156761707455819,0.49722270745328057,False,False
ETTh2,Nonself Dense Ridge,1,0.5,0.005,1200,600,18,0.5827427813418359,0.0,0.7428132620349122,0.0,0.6920193695886766,0.0,1.1210786438831182,0.0,0.5156761707455819,0.49722270745328057,False,False
ETTh2,Nonself Dense Ridge,1,0.5,0.01,300,150,18,0.5827427813418359,0.0,0.7428132620349122,0.0,0.6920193695886766,0.0,1.1210786438831182,0.0,0.5156761707455819,0.49722270745328057,False,False
ETTh2,Nonself Dense Ridge,1,0.5,0.01,600,300,18,0.5827427813418359,0.0,0.7428132620349122,0.0,0.6920193695886766,0.0,1.1210786438831182,0.0,0.5156761707455819,0.49722270745328057,False,False
ETTh2,Nonself Dense Ridge,1,0.5,0.01,1200,600,18,0.5827427813418359,0.0,0.7428132620349122,0.0,0.6920193695886766,0.0,1.1210786438831182,0.0,0.5156761707455819,0.49722270745328057,False,False
ETTh2,Nonself Dense Ridge,1,0.75,0.001,300,150,18,0.5827427813418359,0.0,0.7428132620349122,0.0,0.6920193695886766,0.0,1.1210786438831182,0.0,0.5156761707455819,0.49722270745328057,False,False
ETTh2,Nonself Dense Ridge,1,0.75,0.001,600,300,18,0.5827427813418359,0.0,0.7428132620349122,0.0,0.6920193695886766,0.0,1.1210786438831182,0.0,0.5156761707455819,0.49722270745328057,False,False
ETTh2,Nonself Dense Ridge,1,0.75,0.001,1200,600,18,0.5827427813418359,0.0,0.7428132620349122,0.0,0.6920193695886766,0.0,1.1210786438831182,0.0,0.5156761707455819,0.49722270745328057,False,False
ETTh2,Nonself Dense Ridge,1,0.75,0.003,300,150,18,0.5827427813418359,0.0,0.7428132620349122,0.0,0.6920193695886766,0.0,1.1210786438831182,0.0,0.5156761707455819,0.49722270745328057,False,False
ETTh2,Nonself Dense Ridge,1,0.75,0.003,600,300,18,0.5827427813418359,0.0,0.7428132620349122,0.0,0.6920193695886766,0.0,1.1210786438831182,0.0,0.5156761707455819,0.49722270745328057,False,False
ETTh2,Nonself Dense Ridge,1,0.75,0.003,1200,600,18,0.5827427813418359,0.0,0.7428132620349122,0.0,0.6920193695886766,0.0,1.1210786438831182,0.0,0.5156761707455819,0.49722270745328057,False,False
ETTh2,Nonself Dense Ridge,1,0.75,0.005,300,150,18,0.5827427813418359,0.0,0.7428132620349122,0.0,0.6920193695886766,0.0,1.1210786438831182,0.0,0.5156761707455819,0.49722270745328057,False,False
ETTh2,Nonself Dense Ridge,1,0.75,0.005,600,300,18,0.5827427813418359,0.0,0.7428132620349122,0.0,0.6920193695886766,0.0,1.1210786438831182,0.0,0.5156761707455819,0.49722270745328057,False,False
ETTh2,Nonself Dense Ridge,1,0.75,0.005,1200,600,18,0.5827427813418359,0.0,0.7428132620349122,0.0,0.6920193695886766,0.0,1.1210786438831182,0.0,0.5156761707455819,0.49722270745328057,False,False
ETTh2,Nonself Dense Ridge,1,0.75,0.01,300,150,18,0.5827427813418359,0.0,0.7428132620349122,0.0,0.6920193695886766,0.0,1.1210786438831182,0.0,0.5156761707455819,0.49722270745328057,False,False
ETTh2,Nonself Dense Ridge,1,0.75,0.01,600,300,18,0.5827427813418359,0.0,0.7428132620349122,0.0,0.6920193695886766,0.0,1.1210786438831182,0.0,0.5156761707455819,0.49722270745328057,False,False
ETTh2,Nonself Dense Ridge,1,0.75,0.01,1200,600,18,0.5827427813418359,0.0,0.7428132620349122,0.0,0.6920193695886766,0.0,1.1210786438831182,0.0,0.5156761707455819,0.49722270745328057,False,False
ETTh2,Nonself Dense Ridge,1,1.0,0.001,300,150,18,0.5827427813418359,0.0,0.7428132620349122,0.0,0.6920193695886766,0.0,1.1210786438831182,0.0,0.5156761707455819,0.49722270745328057,False,False
ETTh2,Nonself Dense Ridge,1,1.0,0.001,600,300,18,0.5827427813418359,0.0,0.7428132620349122,0.0,0.6920193695886766,0.0,1.1210786438831182,0.0,0.5156761707455819,0.49722270745328057,False,False
ETTh2,Nonself Dense Ridge,1,1.0,0.001,1200,600,18,0.5827427813418359,0.0,0.7428132620349122,0.0,0.6920193695886766,0.0,1.1210786438831182,0.0,0.5156761707455819,0.49722270745328057,False,False
ETTh2,Nonself Dense Ridge,1,1.0,0.003,300,150,18,0.5827427813418359,0.0,0.7428132620349122,0.0,0.6920193695886766,0.0,1.1210786438831182,0.0,0.5156761707455819,0.49722270745328057,False,False
ETTh2,Nonself Dense Ridge,1,1.0,0.003,600,300,18,0.5827427813418359,0.0,0.7428132620349122,0.0,0.6920193695886766,0.0,1.1210786438831182,0.0,0.5156761707455819,0.49722270745328057,False,False
ETTh2,Nonself Dense Ridge,1,1.0,0.003,1200,600,18,0.5827427813418359,0.0,0.7428132620349122,0.0,0.6920193695886766,0.0,1.1210786438831182,0.0,0.5156761707455819,0.49722270745328057,False,False
ETTh2,Nonself Dense Ridge,1,1.0,0.005,300,150,18,0.5827427813418359,0.0,0.7428132620349122,0.0,0.6920193695886766,0.0,1.1210786438831182,0.0,0.5156761707455819,0.49722270745328057,False,False
ETTh2,Nonself Dense Ridge,1,1.0,0.005,600,300,18,0.5827427813418359,0.0,0.7428132620349122,0.0,0.6920193695886766,0.0,1.1210786438831182,0.0,0.5156761707455819,0.49722270745328057,False,False
ETTh2,Nonself Dense Ridge,1,1.0,0.005,1200,600,18,0.5827427813418359,0.0,0.7428132620349122,0.0,0.6920193695886766,0.0,1.1210786438831182,0.0,0.5156761707455819,0.49722270745328057,False,False
ETTh2,Nonself Dense Ridge,1,1.0,0.01,300,150,18,0.5827427813418359,0.0,0.7428132620349122,0.0,0.6920193695886766,0.0,1.1210786438831182,0.0,0.5156761707455819,0.49722270745328057,False,False
ETTh2,Nonself Dense Ridge,1,1.0,0.01,600,300,18,0.5827427813418359,0.0,0.7428132620349122,0.0,0.6920193695886766,0.0,1.1210786438831182,0.0,0.5156761707455819,0.49722270745328057,False,False
ETTh2,Nonself Dense Ridge,1,1.0,0.01,1200,600,18,0.5827427813418359,0.0,0.7428132620349122,0.0,0.6920193695886766,0.0,1.1210786438831182,0.0,0.5156761707455819,0.49722270745328057,False,False
ETTh2,DynVAR-Lasso Graph Ridge,1,0.25,0.001,300,150,5,0.7834028356080233,0.0,0.9628449852928777,0.0,0.9337355230796421,0.0,1.1782428351727163,0.0,0.7357078940035474,0.7172544307112461,False,False
ETTh2,DynVAR-Lasso Graph Ridge,1,0.25,0.001,600,300,5,0.7919194595175497,0.0,0.9643516204071847,0.0,0.928941682123188,0.0,1.1560101227523158,0.0,0.7372145291178545,0.7187610658255531,False,False
ETTh2,DynVAR-Lasso Graph Ridge,1,0.25,0.001,1200,600,5,0.7276337334943724,0.0,0.8991642056693465,0.0,0.8449901083449259,0.0,1.1972166655844416,0.0,0.6720271143800163,0.6535736510877149,False,False
ETTh2,DynVAR-Lasso Graph Ridge,1,0.25,0.003,300,150,5,0.7060861671507003,0.0,0.878379827767177,0.0,0.8287010052805753,0.0,1.1782428351727163,0.0,0.6512427364778468,0.6327892731855455,False,False
ETTh2,DynVAR-Lasso Graph Ridge,1,0.25,0.003,600,300,5,0.6797868414017891,0.0,0.8481139959524354,0.0,0.8126955144902844,0.0,1.1159426616402683,0.0,0.6209769046631052,0.6025234413708038,False,False
ETTh2,DynVAR-Lasso Graph Ridge,1,0.25,0.003,1200,600,5,0.6681630683266836,0.0,0.8490342900268514,0.0,0.78188952679416,0.0,1.176507779185964,0.0,0.6218971987375211,0.6034437354452198,False,False
ETTh2,DynVAR-Lasso Graph Ridge,1,0.25,0.005,300,150,5,0.7088587742768152,0.0,0.8877593941763942,0.0,0.8417812161204475,0.0,1.178686816281417,0.0,0.6606223028870639,0.6421688395947626,False,False
ETTh2,DynVAR-Lasso Graph Ridge,1,0.25,0.005,600,300,5,0.6551396421993503,0.0,0.8095422436350287,0.0,0.7750383154368299,0.0,1.1146406070286357,0.0,0.5824051523456985,0.5639516890533971,False,False
ETTh2,DynVAR-Lasso Graph Ridge,1,0.25,0.005,1200,600,5,0.6750553329678267,0.0,0.8321402207608849,0.0,0.7899374123168673,0.0,1.1108767327243612,0.0,0.6050031294715547,0.5865496661792533,False,False
ETTh2,DynVAR-Lasso Graph Ridge,1,0.25,0.01,300,150,5,0.6186882409667805,0.0,0.7848096933749938,0.0,0.743372912488396,0.0,1.1146406070286357,0.0,0.5576726020856636,0.5392191387933623,False,False
ETTh2,DynVAR-Lasso Graph Ridge,1,0.25,0.01,600,300,5,0.6874837842491945,0.0,0.8946875702608257,0.0,0.8086284010531182,0.0,1.4548959275347604,0.0,0.6675504789714954,0.6490970156791941,False,False
ETTh2,DynVAR-Lasso Graph Ridge,1,0.25,0.01,1200,600,5,0.6524821049063987,0.0,0.8364420708433137,0.0,0.768394606333656,0.0,1.1911193527875432,0.0,0.6093049795539834,0.5908515162616821,False,False
ETTh2,DynVAR-Lasso Graph Ridge,1,0.5,0.001,300,150,9,0.6839951655971315,0.0,0.8553530945718573,0.0,0.8176088614648408,0.0,1.1131374455183292,0.0,0.628216003282527,0.6097625399902257,False,False
ETTh2,DynVAR-Lasso Graph Ridge,1,0.5,0.001,600,300,9,0.6821816081048037,0.0,0.8509284744846075,0.0,0.8159014167240624,0.0,1.1180377911735566,0.0,0.6237913831952773,0.6053379199029759,False,False
ETTh2,DynVAR-Lasso Graph Ridge,1,0.5,0.001,1200,600,9,0.6448242247054784,0.0,0.792082951835796,0.0,0.7628538001664861,0.0,1.058235572768558,0.0,0.5649458605464658,0.5464923972541644,False,False
ETTh2,DynVAR-Lasso Graph Ridge,1,0.5,0.003,300,150,9,0.6220845827828014,0.0,0.7840919453216795,0.0,0.7396134494969336,0.0,1.1216642033669297,0.0,0.5569548540323492,0.5385013907400479,False,False
ETTh2,DynVAR-Lasso Graph Ridge,1,0.5,0.003,600,300,9,0.6405673879200323,0.0,0.801576195687789,0.0,0.7595866155909492,0.0,1.1142582992285945,0.0,0.5744391043984588,0.5559856411061574,False,False
ETTh2,DynVAR-Lasso Graph Ridge,1,0.5,0.003,1200,600,9,0.6465818551955264,0.0,0.8072804645702637,0.0,0.768782171698919,0.0,1.1114274801769146,0.0,0.5801433732809335,0.5616899099886321,False,False
ETTh2,DynVAR-Lasso Graph Ridge,1,0.5,0.005,300,150,9,0.6205556382300912,0.0,0.788849586687418,0.0,0.7455982413866186,0.0,1.1216642033669297,0.0,0.5617124953980878,0.5432590321057864,False,False
ETTh2,DynVAR-Lasso Graph Ridge,1,0.5,0.005,600,300,9,0.6115191652059045,0.0,0.7843110448859414,0.0,0.738721608284015,0.0,1.1129222579976652,0.0,0.5571739535966111,0.5387204903043098,False,False
ETTh2,DynVAR-Lasso Graph Ridge,1,0.5,0.005,1200,600,9,0.6134660593067888,0.0,0.7818494092009565,0.0,0.7397767759119657,0.0,1.135084501369773,0.0,0.5547123179116262,0.5362588546193249,False,False
ETTh2,DynVAR-Lasso Graph Ridge,1,0.5,0.01,300,150,9,0.6127784073756043,0.0,0.7681856948848559,0.0,0.7270195719906694,0.0,1.1360821679762076,0.0,0.5410486035955256,0.5225951403032243,False,False
ETTh2,DynVAR-Lasso Graph Ridge,1,0.5,0.01,600,300,9,0.6154318226347597,0.0,0.7803413333144971,0.0,0.7350090944772024,0.0,1.1227585532796274,0.0,0.5532042420251668,0.5347507787328655,False,False
ETTh2,DynVAR-Lasso Graph Ridge,1,0.5,0.01,1200,600,9,0.6553264500612633,0.0,0.8173478805019715,0.0,0.7693002633392163,0.0,1.1230155101776336,0.0,0.5902107892126413,0.5717573259203399,False,False
ETTh2,DynVAR-Lasso Graph Ridge,1,0.75,0.001,300,150,14,0.6355622072365198,0.0,0.7986682148647002,0.0,0.7529710654717583,0.0,1.1183465656032756,0.0,0.57153112357537,0.5530776602830686,False,False
ETTh2,DynVAR-Lasso Graph Ridge,1,0.75,0.001,600,300,14,0.6094374272998622,0.0,0.7803578106333328,0.0,0.7332139512373335,0.0,1.1196606514073513,0.0,0.5532207193440025,0.5347672560517012,False,False
ETTh2,DynVAR-Lasso Graph Ridge,1,0.75,0.001,1200,600,14,0.5952460521449092,0.0,0.7616108262412841,0.0,0.7153355117401146,0.0,1.120005949655122,0.0,0.5344737349519538,0.5160202716596525,False,False
ETTh2,DynVAR-Lasso Graph Ridge,1,0.75,0.003,300,150,14,0.6005034558604413,0.0,0.7738211847650976,0.0,0.7200647028090085,0.0,1.1236508269859469,0.0,0.5466840934757674,0.528230630183466,False,False
ETTh2,DynVAR-Lasso Graph Ridge,1,0.75,0.003,600,300,14,0.6070866360054546,0.0,0.7734667562192498,0.0,0.719005924677621,0.0,1.119957613255386,0.0,0.5463296649299195,0.5278762016376182,False,False
ETTh2,DynVAR-Lasso Graph Ridge,1,0.75,0.003,1200,600,14,0.6018072418874583,0.0,0.767995864081242,0.0,0.7151976974340185,0.0,1.1208570303807766,0.0,0.5408587727919117,0.5224053094996104,False,False
ETTh2,DynVAR-Lasso Graph Ridge,1,0.75,0.005,300,150,14,0.6080942246127373,0.0,0.7717777121163488,0.0,0.7259242259838773,0.0,1.1236508269859469,0.0,0.5446406208270186,0.5261871575347172,False,False
ETTh2,DynVAR-Lasso Graph Ridge,1,0.75,0.005,600,300,14,0.5983601041040156,0.0,0.764358686768439,0.0,0.711584729772708,0.0,1.1197864627307161,0.0,0.5372215954791087,0.5187681321868074,False,False
ETTh2,DynVAR-Lasso Graph Ridge,1,0.75,0.005,1200,600,14,0.5853615932466051,0.0,0.7469890920653747,0.0,0.6950683885359819,0.0,1.124269154144324,0.0,0.5198520007760444,0.5013985374837431,False,False
ETTh2,DynVAR-Lasso Graph Ridge,1,0.75,0.01,300,150,14,0.5869268284768983,0.0,0.7476450371699274,0.0,0.6968266834077042,0.0,1.1244727868449147,0.0,0.5205079458805971,0.5020544825882958,False,False
ETTh2,DynVAR-Lasso Graph Ridge,1,0.75,0.01,600,300,14,0.5818868529460575,0.0,0.7428123465512101,0.0,0.6913749966104523,0.0,1.1212083756611568,0.0,0.5156752552618799,0.4972217919695785,False,False
ETTh2,DynVAR-Lasso Graph Ridge,1,0.75,0.01,1200,600,14,0.5843979666973518,0.0,0.7444397065471963,0.0,0.6938017006574546,0.0,1.1212083756611568,0.0,0.517302615257866,0.4988491519655647,False,False
ETTh2,DynVAR-Lasso Graph Ridge,1,1.0,0.001,300,150,18,0.5827427813418359,0.0,0.7428132620349122,0.0,0.6920193695886766,0.0,1.1210786438831182,0.0,0.5156761707455819,0.49722270745328057,False,False
ETTh2,DynVAR-Lasso Graph Ridge,1,1.0,0.001,600,300,18,0.5827427813418359,0.0,0.7428132620349122,0.0,0.6920193695886766,0.0,1.1210786438831182,0.0,0.5156761707455819,0.49722270745328057,False,False
ETTh2,DynVAR-Lasso Graph Ridge,1,1.0,0.001,1200,600,18,0.5827427813418359,0.0,0.7428132620349122,0.0,0.6920193695886766,0.0,1.1210786438831182,0.0,0.5156761707455819,0.49722270745328057,False,False
ETTh2,DynVAR-Lasso Graph Ridge,1,1.0,0.003,300,150,18,0.5827427813418359,0.0,0.7428132620349122,0.0,0.6920193695886766,0.0,1.1210786438831182,0.0,0.5156761707455819,0.49722270745328057,False,False
ETTh2,DynVAR-Lasso Graph Ridge,1,1.0,0.003,600,300,18,0.5827427813418359,0.0,0.7428132620349122,0.0,0.6920193695886766,0.0,1.1210786438831182,0.0,0.5156761707455819,0.49722270745328057,False,False
ETTh2,DynVAR-Lasso Graph Ridge,1,1.0,0.003,1200,600,18,0.5827427813418359,0.0,0.7428132620349122,0.0,0.6920193695886766,0.0,1.1210786438831182,0.0,0.5156761707455819,0.49722270745328057,False,False
ETTh2,DynVAR-Lasso Graph Ridge,1,1.0,0.005,300,150,18,0.5827427813418359,0.0,0.7428132620349122,0.0,0.6920193695886766,0.0,1.1210786438831182,0.0,0.5156761707455819,0.49722270745328057,False,False
ETTh2,DynVAR-Lasso Graph Ridge,1,1.0,0.005,600,300,18,0.5827427813418359,0.0,0.7428132620349122,0.0,0.6920193695886766,0.0,1.1210786438831182,0.0,0.5156761707455819,0.49722270745328057,False,False
ETTh2,DynVAR-Lasso Graph Ridge,1,1.0,0.005,1200,600,18,0.5827427813418359,0.0,0.7428132620349122,0.0,0.6920193695886766,0.0,1.1210786438831182,0.0,0.5156761707455819,0.49722270745328057,False,False
ETTh2,DynVAR-Lasso Graph Ridge,1,1.0,0.01,300,150,18,0.5827427813418359,0.0,0.7428132620349122,0.0,0.6920193695886766,0.0,1.1210786438831182,0.0,0.5156761707455819,0.49722270745328057,False,False
ETTh2,DynVAR-Lasso Graph Ridge,1,1.0,0.01,600,300,18,0.5827427813418359,0.0,0.7428132620349122,0.0,0.6920193695886766,0.0,1.1210786438831182,0.0,0.5156761707455819,0.49722270745328057,False,False
ETTh2,DynVAR-Lasso Graph Ridge,1,1.0,0.01,1200,600,18,0.5827427813418359,0.0,0.7428132620349122,0.0,0.6920193695886766,0.0,1.1210786438831182,0.0,0.5156761707455819,0.49722270745328057,False,False
ETTh2,STCG-v1 Graph Ridge,1,0.25,0.001,300,150,5,0.7834028356080233,0.0,0.9628449852928777,0.0,0.9337355230796421,0.0,1.1782428351727163,0.0,0.7357078940035474,0.7172544307112461,False,False
ETTh2,STCG-v1 Graph Ridge,1,0.25,0.001,600,300,5,0.7919194595175497,0.0,0.9643516204071847,0.0,0.928941682123188,0.0,1.1560101227523158,0.0,0.7372145291178545,0.7187610658255531,False,False
ETTh2,STCG-v1 Graph Ridge,1,0.25,0.001,1200,600,5,0.6658779680770925,0.0,0.838311391902491,0.0,0.788848014574591,0.0,1.200088927766134,0.0,0.6111743006131608,0.5927208373208595,False,False
ETTh2,STCG-v1 Graph Ridge,1,0.25,0.003,300,150,5,0.7060861671507003,0.0,0.878379827767177,0.0,0.8287010052805753,0.0,1.1782428351727163,0.0,0.6512427364778468,0.6327892731855455,False,False
ETTh2,STCG-v1 Graph Ridge,1,0.25,0.003,600,300,5,0.6797868414017891,0.0,0.8481139959524354,0.0,0.8126955144902844,0.0,1.1159426616402683,0.0,0.6209769046631052,0.6025234413708038,False,False
ETTh2,STCG-v1 Graph Ridge,1,0.25,0.003,1200,600,5,0.6681630683266836,0.0,0.8490342900268514,0.0,0.78188952679416,0.0,1.176507779185964,0.0,0.6218971987375211,0.6034437354452198,False,False
ETTh2,STCG-v1 Graph Ridge,1,0.25,0.005,300,150,5,0.7088587742768152,0.0,0.8877593941763942,0.0,0.8417812161204475,0.0,1.178686816281417,0.0,0.6606223028870639,0.6421688395947626,False,False
ETTh2,STCG-v1 Graph Ridge,1,0.25,0.005,600,300,5,0.6551396421993503,0.0,0.8095422436350287,0.0,0.7750383154368299,0.0,1.1146406070286357,0.0,0.5824051523456985,0.5639516890533971,False,False
ETTh2,STCG-v1 Graph Ridge,1,0.25,0.005,1200,600,5,0.6750553329678267,0.0,0.8321402207608849,0.0,0.7899374123168673,0.0,1.1108767327243612,0.0,0.6050031294715547,0.5865496661792533,False,False
ETTh2,STCG-v1 Graph Ridge,1,0.25,0.01,300,150,5,0.6186882409667805,0.0,0.7848096933749938,0.0,0.743372912488396,0.0,1.1146406070286357,0.0,0.5576726020856636,0.5392191387933623,False,False
ETTh2,STCG-v1 Graph Ridge,1,0.25,0.01,600,300,5,0.6874837842491945,0.0,0.8946875702608257,0.0,0.8086284010531182,0.0,1.4548959275347604,0.0,0.6675504789714954,0.6490970156791941,False,False
ETTh2,STCG-v1 Graph Ridge,1,0.25,0.01,1200,600,5,0.7322979823592416,0.0,0.9055388182399537,0.0,0.8666370500314363,0.0,1.1677590875781418,0.0,0.6784017269506235,0.6599482636583222,False,False
ETTh2,STCG-v1 Graph Ridge,1,0.5,0.001,300,150,9,0.6839951655971315,0.0,0.8553530945718573,0.0,0.8176088614648408,0.0,1.1131374455183292,0.0,0.628216003282527,0.6097625399902257,False,False
ETTh2,STCG-v1 Graph Ridge,1,0.5,0.001,600,300,9,0.6821816081048037,0.0,0.8509284744846075,0.0,0.8159014167240624,0.0,1.1180377911735566,0.0,0.6237913831952773,0.6053379199029759,False,False
ETTh2,STCG-v1 Graph Ridge,1,0.5,0.001,1200,600,9,0.6296648845801667,0.0,0.8077497224222635,0.0,0.7544653678304308,0.0,1.1149260750758272,0.0,0.5806126311329333,0.5621591678406319,False,False
ETTh2,STCG-v1 Graph Ridge,1,0.5,0.003,300,150,9,0.6220845827828014,0.0,0.7840919453216795,0.0,0.7396134494969336,0.0,1.1216642033669297,0.0,0.5569548540323492,0.5385013907400479,False,False
ETTh2,STCG-v1 Graph Ridge,1,0.5,0.003,600,300,9,0.6405673879200323,0.0,0.801576195687789,0.0,0.7595866155909492,0.0,1.1142582992285945,0.0,0.5744391043984588,0.5559856411061574,False,False
ETTh2,STCG-v1 Graph Ridge,1,0.5,0.003,1200,600,9,0.6465818551955264,0.0,0.8072804645702637,0.0,0.768782171698919,0.0,1.1114274801769146,0.0,0.5801433732809335,0.5616899099886321,False,False
ETTh2,STCG-v1 Graph Ridge,1,0.5,0.005,300,150,9,0.6205556382300912,0.0,0.788849586687418,0.0,0.7455982413866186,0.0,1.1216642033669297,0.0,0.5617124953980878,0.5432590321057864,False,False
ETTh2,STCG-v1 Graph Ridge,1,0.5,0.005,600,300,9,0.6115191652059045,0.0,0.7843110448859414,0.0,0.738721608284015,0.0,1.1129222579976652,0.0,0.5571739535966111,0.5387204903043098,False,False
ETTh2,STCG-v1 Graph Ridge,1,0.5,0.005,1200,600,9,0.6134660593067888,0.0,0.7818494092009565,0.0,0.7397767759119657,0.0,1.135084501369773,0.0,0.5547123179116262,0.5362588546193249,False,False
ETTh2,STCG-v1 Graph Ridge,1,0.5,0.01,300,150,9,0.6127784073756043,0.0,0.7681856948848559,0.0,0.7270195719906694,0.0,1.1360821679762076,0.0,0.5410486035955256,0.5225951403032243,False,False
ETTh2,STCG-v1 Graph Ridge,1,0.5,0.01,600,300,9,0.6154318226347597,0.0,0.7803413333144971,0.0,0.7350090944772024,0.0,1.1227585532796274,0.0,0.5532042420251668,0.5347507787328655,False,False
ETTh2,STCG-v1 Graph Ridge,1,0.5,0.01,1200,600,9,0.6188659670988889,0.0,0.785413318346932,0.0,0.7354931796423309,0.0,1.1351303142535432,0.0,0.5582762270576017,0.5398227637653004,False,False
ETTh2,STCG-v1 Graph Ridge,1,0.75,0.001,300,150,14,0.6355622072365198,0.0,0.7986682148647002,0.0,0.7529710654717583,0.0,1.1183465656032756,0.0,0.57153112357537,0.5530776602830686,False,False
ETTh2,STCG-v1 Graph Ridge,1,0.75,0.001,600,300,14,0.6094374272998622,0.0,0.7803578106333328,0.0,0.7332139512373335,0.0,1.1196606514073513,0.0,0.5532207193440025,0.5347672560517012,False,False
ETTh2,STCG-v1 Graph Ridge,1,0.75,0.001,1200,600,14,0.5845660986334353,0.0,0.74644647364168,0.0,0.6946420043316486,0.0,1.120005949655122,0.0,0.5193093823523498,0.5008559190600484,False,False
ETTh2,STCG-v1 Graph Ridge,1,0.75,0.003,300,150,14,0.6005034558604413,0.0,0.7738211847650976,0.0,0.7200647028090085,0.0,1.1236508269859469,0.0,0.5466840934757674,0.528230630183466,False,False
ETTh2,STCG-v1 Graph Ridge,1,0.75,0.003,600,300,14,0.6070866360054546,0.0,0.7734667562192498,0.0,0.719005924677621,0.0,1.119957613255386,0.0,0.5463296649299195,0.5278762016376182,False,False
ETTh2,STCG-v1 Graph Ridge,1,0.75,0.003,1200,600,14,0.6018072418874583,0.0,0.767995864081242,0.0,0.7151976974340185,0.0,1.1208570303807766,0.0,0.5408587727919117,0.5224053094996104,False,False
ETTh2,STCG-v1 Graph Ridge,1,0.75,0.005,300,150,14,0.6080942246127373,0.0,0.7717777121163488,0.0,0.7259242259838773,0.0,1.1236508269859469,0.0,0.5446406208270186,0.5261871575347172,False,False
ETTh2,STCG-v1 Graph Ridge,1,0.75,0.005,600,300,14,0.5983601041040156,0.0,0.764358686768439,0.0,0.711584729772708,0.0,1.1197864627307161,0.0,0.5372215954791087,0.5187681321868074,False,False
ETTh2,STCG-v1 Graph Ridge,1,0.75,0.005,1200,600,14,0.5853615932466051,0.0,0.7469890920653747,0.0,0.6950683885359819,0.0,1.124269154144324,0.0,0.5198520007760444,0.5013985374837431,False,False
ETTh2,STCG-v1 Graph Ridge,1,0.75,0.01,300,150,14,0.5869268284768983,0.0,0.7476450371699274,0.0,0.6968266834077042,0.0,1.1244727868449147,0.0,0.5205079458805971,0.5020544825882958,False,False
ETTh2,STCG-v1 Graph Ridge,1,0.75,0.01,600,300,14,0.5818868529460575,0.0,0.7428123465512101,0.0,0.6913749966104523,0.0,1.1212083756611568,0.0,0.5156752552618799,0.4972217919695785,False,False
ETTh2,STCG-v1 Graph Ridge,1,0.75,0.01,1200,600,14,0.584220290270386,0.0,0.7444659143455489,0.0,0.6937601974492004,0.0,1.1212083756611568,0.0,0.5173288230562186,0.4988753597639173,False,False
ETTh2,STCG-v1 Graph Ridge,1,1.0,0.001,300,150,18,0.5827427813418359,0.0,0.7428132620349122,0.0,0.6920193695886766,0.0,1.1210786438831182,0.0,0.5156761707455819,0.49722270745328057,False,False
ETTh2,STCG-v1 Graph Ridge,1,1.0,0.001,600,300,18,0.5827427813418359,0.0,0.7428132620349122,0.0,0.6920193695886766,0.0,1.1210786438831182,0.0,0.5156761707455819,0.49722270745328057,False,False
ETTh2,STCG-v1 Graph Ridge,1,1.0,0.001,1200,600,18,0.5827427813418359,0.0,0.7428132620349122,0.0,0.6920193695886766,0.0,1.1210786438831182,0.0,0.5156761707455819,0.49722270745328057,False,False
ETTh2,STCG-v1 Graph Ridge,1,1.0,0.003,300,150,18,0.5827427813418359,0.0,0.7428132620349122,0.0,0.6920193695886766,0.0,1.1210786438831182,0.0,0.5156761707455819,0.49722270745328057,False,False
ETTh2,STCG-v1 Graph Ridge,1,1.0,0.003,600,300,18,0.5827427813418359,0.0,0.7428132620349122,0.0,0.6920193695886766,0.0,1.1210786438831182,0.0,0.5156761707455819,0.49722270745328057,False,False
ETTh2,STCG-v1 Graph Ridge,1,1.0,0.003,1200,600,18,0.5827427813418359,0.0,0.7428132620349122,0.0,0.6920193695886766,0.0,1.1210786438831182,0.0,0.5156761707455819,0.49722270745328057,False,False
ETTh2,STCG-v1 Graph Ridge,1,1.0,0.005,300,150,18,0.5827427813418359,0.0,0.7428132620349122,0.0,0.6920193695886766,0.0,1.1210786438831182,0.0,0.5156761707455819,0.49722270745328057,False,False
ETTh2,STCG-v1 Graph Ridge,1,1.0,0.005,600,300,18,0.5827427813418359,0.0,0.7428132620349122,0.0,0.6920193695886766,0.0,1.1210786438831182,0.0,0.5156761707455819,0.49722270745328057,False,False
ETTh2,STCG-v1 Graph Ridge,1,1.0,0.005,1200,600,18,0.5827427813418359,0.0,0.7428132620349122,0.0,0.6920193695886766,0.0,1.1210786438831182,0.0,0.5156761707455819,0.49722270745328057,False,False
ETTh2,STCG-v1 Graph Ridge,1,1.0,0.01,300,150,18,0.5827427813418359,0.0,0.7428132620349122,0.0,0.6920193695886766,0.0,1.1210786438831182,0.0,0.5156761707455819,0.49722270745328057,False,False
ETTh2,STCG-v1 Graph Ridge,1,1.0,0.01,600,300,18,0.5827427813418359,0.0,0.7428132620349122,0.0,0.6920193695886766,0.0,1.1210786438831182,0.0,0.5156761707455819,0.49722270745328057,False,False
ETTh2,STCG-v1 Graph Ridge,1,1.0,0.01,1200,600,18,0.5827427813418359,0.0,0.7428132620349122,0.0,0.6920193695886766,0.0,1.1210786438831182,0.0,0.5156761707455819,0.49722270745328057,False,False
