switch_period,method,n,edge_auc_mean,edge_auc_std,pair_auc_mean,pair_auc_std,precision_at_k_mean,precision_at_k_std,shd_mean,shd_std,lag_accuracy_mean,lag_accuracy_std,state_count_mean,state_improvement_mean,temporal_coherence_mean,oracle_window_purity_mean
150,DynVAR-Lasso,10,0.7334950332886676,0.075959833254865,0.7394119221496935,0.06640670756968411,0.5781155474312925,0.08049739464536924,45.4,10.330107023216705,0.7404211029307307,0.07825487687362981,nan,nan,nan,nan
150,Oracle-state upper bound,10,0.7421965524404117,0.07535399783222062,0.7870145802147027,0.08507450364030794,0.5886100107008788,0.06880162773237584,44.4,9.743373816770726,0.7344875481813865,0.06965615186881471,nan,nan,nan,0.5
150,STCG-v1,10,0.7331957894205416,0.07606993477158311,0.7778521471961244,0.058495678781273194,0.5642684995607546,0.06547320228891629,47.0,9.672412085697939,0.7191289301911895,0.08992981445988257,2.0,0.22075256204762725,0.5236111111111111,nan
300,DynVAR-Lasso,10,0.8191450232402726,0.04957057849565841,0.8244187957395711,0.07095509543434794,0.643179887297322,0.0506481220814409,38.2,5.533734925185902,0.7970750074344426,0.05541352276210192,nan,nan,nan,nan
300,Oracle-state upper bound,10,0.8209858832365843,0.03906598036247333,0.8499141728465412,0.06765861312858826,0.656805679230638,0.050616986071682184,36.8,6.051629716218782,0.8123201890820632,0.045355809669286574,nan,nan,nan,0.7857142857142857
300,STCG-v1,10,0.8157247297949486,0.051661842958688954,0.8421256162229931,0.05377182656617929,0.6640988397235661,0.0575659327405084,36.2,7.800284895082002,0.7846208737062396,0.06587258433214037,2.0,0.21980239710866994,0.06597222222222224,nan
600,DynVAR-Lasso,10,0.8353788718391393,0.04968070163615005,0.8466592848430627,0.04969416779307788,0.6708388583303064,0.06385017011214508,35.4,7.834397090892047,0.8070123564924593,0.06152351813342053,nan,nan,nan,nan
600,Oracle-state upper bound,10,0.8487979409683482,0.05031374884511223,0.8567717133334742,0.06405169447690555,0.6964826620804954,0.055134029099182136,32.6,6.736302975503534,0.8395869527705214,0.07713618617842356,nan,nan,nan,0.9285714285714286
600,STCG-v1,10,0.8466097514316647,0.05059223709790716,0.8484911542120935,0.0630074252535452,0.694851691336224,0.07242619197350252,32.8,8.651268372004445,0.8289144381506384,0.07616312610469304,2.0,0.2769882740226816,0.6597222222222223,nan
