generator,seed,metric,method_a,method_b,value_a,value_b,raw_diff_a_minus_b,improvement
var,0,edge_auc,STCG-v1,DynVAR-Lasso,0.9207631874298541,0.9032547699214366,0.017508417508417473,0.017508417508417473
var,1,edge_auc,STCG-v1,DynVAR-Lasso,0.8686224489795918,0.861734693877551,0.006887755102040871,0.006887755102040871
var,2,edge_auc,STCG-v1,DynVAR-Lasso,0.8803598200899551,0.8806596701649175,-0.00029985007496247107,-0.00029985007496247107
var,3,edge_auc,STCG-v1,DynVAR-Lasso,0.8203919622922352,0.8032746216819647,0.01711734061027048,0.01711734061027048
var,4,edge_auc,STCG-v1,DynVAR-Lasso,0.8315276273022751,0.8255687973997833,0.005958829902491858,0.005958829902491858
var,5,edge_auc,STCG-v1,DynVAR-Lasso,0.8781828703703703,0.8645833333333334,0.01359953703703698,0.01359953703703698
var,6,edge_auc,STCG-v1,DynVAR-Lasso,0.8318881118881118,0.8232167832167833,0.008671328671328582,0.008671328671328582
var,7,edge_auc,STCG-v1,DynVAR-Lasso,0.881203007518797,0.8627282491944146,0.01847475832438239,0.01847475832438239
var,8,edge_auc,STCG-v1,DynVAR-Lasso,0.8514492753623188,0.863768115942029,-0.01231884057971011,-0.01231884057971011
var,9,edge_auc,STCG-v1,DynVAR-Lasso,0.7894984695078879,0.774429008712032,0.015069460795855916,0.015069460795855916
var,10,edge_auc,STCG-v1,DynVAR-Lasso,0.9198709997519225,0.8920863309352518,0.027784668816670743,0.027784668816670743
var,11,edge_auc,STCG-v1,DynVAR-Lasso,0.9058704453441295,0.8647773279352227,0.041093117408906865,0.041093117408906865
var,12,edge_auc,STCG-v1,DynVAR-Lasso,0.9263271939328277,0.9287648970747562,-0.0024377031419284823,-0.0024377031419284823
var,13,edge_auc,STCG-v1,DynVAR-Lasso,0.8712032022604191,0.8794443136331528,-0.008241111372733645,-0.008241111372733645
var,14,edge_auc,STCG-v1,DynVAR-Lasso,0.8489624376149199,0.8129760966640399,0.035986340950879936,0.035986340950879936
var,15,edge_auc,STCG-v1,DynVAR-Lasso,0.9033564814814815,0.8958333333333334,0.00752314814814814,0.00752314814814814
var,16,edge_auc,STCG-v1,DynVAR-Lasso,0.8807441860465116,0.878139534883721,0.0026046511627906277,0.0026046511627906277
var,17,edge_auc,STCG-v1,DynVAR-Lasso,0.9018876207199298,0.8944249341527656,0.007462686567164201,0.007462686567164201
var,18,edge_auc,STCG-v1,DynVAR-Lasso,0.9397221568165764,0.9333647280433247,0.006357428773251739,0.006357428773251739
var,19,edge_auc,STCG-v1,DynVAR-Lasso,0.8775510204081632,0.874328678839957,0.0032223415682062218,0.0032223415682062218
var,0,pair_auc,STCG-v1,DynVAR-Lasso,0.9477040816326531,0.8979591836734694,0.04974489795918369,0.04974489795918369
var,1,pair_auc,STCG-v1,DynVAR-Lasso,0.8763020833333334,0.8450520833333334,0.03125,0.03125
var,2,pair_auc,STCG-v1,DynVAR-Lasso,0.8649732620320856,0.8850267379679144,-0.020053475935828846,-0.020053475935828846
var,3,pair_auc,STCG-v1,DynVAR-Lasso,0.8641025641025641,0.7884615384615384,0.0756410256410257,0.0756410256410257
var,4,pair_auc,STCG-v1,DynVAR-Lasso,0.7682291666666666,0.7239583333333334,0.04427083333333326,0.04427083333333326
var,5,pair_auc,STCG-v1,DynVAR-Lasso,0.8416666666666667,0.8527777777777777,-0.011111111111111072,-0.011111111111111072
var,6,pair_auc,STCG-v1,DynVAR-Lasso,0.8367346938775511,0.782312925170068,0.054421768707483054,0.054421768707483054
var,7,pair_auc,STCG-v1,DynVAR-Lasso,0.8301404853128991,0.8199233716475096,0.010217113665389466,0.010217113665389466
var,8,pair_auc,STCG-v1,DynVAR-Lasso,0.8736979166666666,0.9244791666666666,-0.05078125,-0.05078125
var,9,pair_auc,STCG-v1,DynVAR-Lasso,0.8656126482213439,0.8050065876152833,0.06060606060606055,0.06060606060606055
var,10,pair_auc,STCG-v1,DynVAR-Lasso,0.9786096256684492,0.9264705882352942,0.05213903743315507,0.05213903743315507
var,11,pair_auc,STCG-v1,DynVAR-Lasso,0.922266139657444,0.8142292490118577,0.1080368906455863,0.1080368906455863
var,12,pair_auc,STCG-v1,DynVAR-Lasso,0.9292517006802721,0.927891156462585,0.0013605442176870541,0.0013605442176870541
var,13,pair_auc,STCG-v1,DynVAR-Lasso,0.8589743589743589,0.8871794871794871,-0.028205128205128216,-0.028205128205128216
var,14,pair_auc,STCG-v1,DynVAR-Lasso,0.8274044795783926,0.7905138339920948,0.03689064558629773,0.03689064558629773
var,15,pair_auc,STCG-v1,DynVAR-Lasso,0.8201754385964912,0.8538011695906432,-0.033625730994152,-0.033625730994152
var,16,pair_auc,STCG-v1,DynVAR-Lasso,0.8932291666666666,0.8450520833333334,0.04817708333333326,0.04817708333333326
var,17,pair_auc,STCG-v1,DynVAR-Lasso,0.8978288633461047,0.8480204342273308,0.04980842911877392,0.04980842911877392
var,18,pair_auc,STCG-v1,DynVAR-Lasso,0.9148387096774193,0.9290322580645162,-0.014193548387096855,-0.014193548387096855
var,19,pair_auc,STCG-v1,DynVAR-Lasso,0.859514687100894,0.8250319284802043,0.03448275862068961,0.03448275862068961
var,0,precision_at_k,STCG-v1,DynVAR-Lasso,0.7575757575757576,0.6363636363636364,0.12121212121212122,0.12121212121212122
var,1,precision_at_k,STCG-v1,DynVAR-Lasso,0.6785714285714286,0.6071428571428571,0.07142857142857151,0.07142857142857151
var,2,precision_at_k,STCG-v1,DynVAR-Lasso,0.6521739130434783,0.6956521739130435,-0.04347826086956519,-0.04347826086956519
var,3,precision_at_k,STCG-v1,DynVAR-Lasso,0.6206896551724138,0.5862068965517241,0.034482758620689724,0.034482758620689724
var,4,precision_at_k,STCG-v1,DynVAR-Lasso,0.5769230769230769,0.5769230769230769,0.0,0.0
var,5,precision_at_k,STCG-v1,DynVAR-Lasso,0.625,0.5833333333333334,0.04166666666666663,0.04166666666666663
var,6,precision_at_k,STCG-v1,DynVAR-Lasso,0.6,0.6,0.0,0.0
var,7,precision_at_k,STCG-v1,DynVAR-Lasso,0.6571428571428571,0.6571428571428571,0.0,0.0
var,8,precision_at_k,STCG-v1,DynVAR-Lasso,0.6333333333333333,0.7,-0.06666666666666665,-0.06666666666666665
var,9,precision_at_k,STCG-v1,DynVAR-Lasso,0.6129032258064516,0.5483870967741935,0.06451612903225812,0.06451612903225812
var,10,precision_at_k,STCG-v1,DynVAR-Lasso,0.7586206896551724,0.6206896551724138,0.13793103448275856,0.13793103448275856
var,11,precision_at_k,STCG-v1,DynVAR-Lasso,0.7105263157894737,0.6842105263157895,0.02631578947368418,0.02631578947368418
var,12,precision_at_k,STCG-v1,DynVAR-Lasso,0.7692307692307693,0.8076923076923077,-0.038461538461538436,-0.038461538461538436
var,13,precision_at_k,STCG-v1,DynVAR-Lasso,0.6774193548387096,0.6774193548387096,0.0,0.0
var,14,precision_at_k,STCG-v1,DynVAR-Lasso,0.5925925925925926,0.5925925925925926,0.0,0.0
var,15,precision_at_k,STCG-v1,DynVAR-Lasso,0.5833333333333334,0.5833333333333334,0.0,0.0
var,16,precision_at_k,STCG-v1,DynVAR-Lasso,0.7441860465116279,0.6976744186046512,0.046511627906976716,0.046511627906976716
var,17,precision_at_k,STCG-v1,DynVAR-Lasso,0.7058823529411765,0.6470588235294118,0.05882352941176472,0.05882352941176472
var,18,precision_at_k,STCG-v1,DynVAR-Lasso,0.7419354838709677,0.7419354838709677,0.0,0.0
var,19,precision_at_k,STCG-v1,DynVAR-Lasso,0.6,0.6571428571428571,-0.05714285714285716,-0.05714285714285716
var,0,shd,STCG-v1,DynVAR-Lasso,16.0,24.0,-8.0,8.0
var,1,shd,STCG-v1,DynVAR-Lasso,18.0,22.0,-4.0,4.0
var,2,shd,STCG-v1,DynVAR-Lasso,16.0,14.0,2.0,-2.0
var,3,shd,STCG-v1,DynVAR-Lasso,22.0,24.0,-2.0,2.0
var,4,shd,STCG-v1,DynVAR-Lasso,22.0,22.0,0.0,-0.0
var,5,shd,STCG-v1,DynVAR-Lasso,18.0,20.0,-2.0,2.0
var,6,shd,STCG-v1,DynVAR-Lasso,20.0,20.0,0.0,-0.0
var,7,shd,STCG-v1,DynVAR-Lasso,24.0,24.0,0.0,-0.0
var,8,shd,STCG-v1,DynVAR-Lasso,22.0,18.0,4.0,-4.0
var,9,shd,STCG-v1,DynVAR-Lasso,24.0,28.0,-4.0,4.0
var,10,shd,STCG-v1,DynVAR-Lasso,14.0,22.0,-8.0,8.0
var,11,shd,STCG-v1,DynVAR-Lasso,22.0,24.0,-2.0,2.0
var,12,shd,STCG-v1,DynVAR-Lasso,12.0,10.0,2.0,-2.0
var,13,shd,STCG-v1,DynVAR-Lasso,20.0,20.0,0.0,-0.0
var,14,shd,STCG-v1,DynVAR-Lasso,22.0,22.0,0.0,-0.0
var,15,shd,STCG-v1,DynVAR-Lasso,20.0,20.0,0.0,-0.0
var,16,shd,STCG-v1,DynVAR-Lasso,22.0,26.0,-4.0,4.0
var,17,shd,STCG-v1,DynVAR-Lasso,20.0,24.0,-4.0,4.0
var,18,shd,STCG-v1,DynVAR-Lasso,16.0,16.0,0.0,-0.0
var,19,shd,STCG-v1,DynVAR-Lasso,28.0,24.0,4.0,-4.0
var,0,lag_accuracy,STCG-v1,DynVAR-Lasso,0.8571428571428571,0.8571428571428571,0.0,0.0
var,1,lag_accuracy,STCG-v1,DynVAR-Lasso,0.9166666666666666,0.875,0.04166666666666663,0.04166666666666663
var,2,lag_accuracy,STCG-v1,DynVAR-Lasso,0.8181818181818182,0.8636363636363636,-0.045454545454545414,-0.045454545454545414
var,3,lag_accuracy,STCG-v1,DynVAR-Lasso,0.7307692307692307,0.6923076923076923,0.038461538461538436,0.038461538461538436
var,4,lag_accuracy,STCG-v1,DynVAR-Lasso,0.7916666666666666,0.75,0.04166666666666663,0.04166666666666663
var,5,lag_accuracy,STCG-v1,DynVAR-Lasso,0.9,0.85,0.050000000000000044,0.050000000000000044
var,6,lag_accuracy,STCG-v1,DynVAR-Lasso,0.8095238095238095,0.8571428571428571,-0.04761904761904756,-0.04761904761904756
var,7,lag_accuracy,STCG-v1,DynVAR-Lasso,0.8888888888888888,0.9629629629629629,-0.07407407407407407,-0.07407407407407407
var,8,lag_accuracy,STCG-v1,DynVAR-Lasso,0.8333333333333334,0.8333333333333334,0.0,0.0
var,9,lag_accuracy,STCG-v1,DynVAR-Lasso,0.6086956521739131,0.6956521739130435,-0.08695652173913038,-0.08695652173913038
var,10,lag_accuracy,STCG-v1,DynVAR-Lasso,0.9090909090909091,0.9090909090909091,0.0,0.0
var,11,lag_accuracy,STCG-v1,DynVAR-Lasso,0.8787878787878788,0.8181818181818182,0.06060606060606055,0.06060606060606055
var,12,lag_accuracy,STCG-v1,DynVAR-Lasso,0.9523809523809523,1.0,-0.04761904761904767,-0.04761904761904767
var,13,lag_accuracy,STCG-v1,DynVAR-Lasso,0.8461538461538461,0.8461538461538461,0.0,0.0
var,14,lag_accuracy,STCG-v1,DynVAR-Lasso,0.782608695652174,0.7391304347826086,0.0434782608695653,0.0434782608695653
var,15,lag_accuracy,STCG-v1,DynVAR-Lasso,0.9444444444444444,0.8888888888888888,0.05555555555555558,0.05555555555555558
var,16,lag_accuracy,STCG-v1,DynVAR-Lasso,0.875,0.875,0.0,0.0
var,17,lag_accuracy,STCG-v1,DynVAR-Lasso,0.896551724137931,0.896551724137931,0.0,0.0
var,18,lag_accuracy,STCG-v1,DynVAR-Lasso,0.88,0.92,-0.040000000000000036,-0.040000000000000036
var,19,lag_accuracy,STCG-v1,DynVAR-Lasso,0.7777777777777778,0.8148148148148148,-0.03703703703703698,-0.03703703703703698
nonlinear_var,0,edge_auc,STCG-v1,DynVAR-Lasso,0.8377104377104377,0.7955106621773288,0.04219977553310894,0.04219977553310894
nonlinear_var,1,edge_auc,STCG-v1,DynVAR-Lasso,0.988265306122449,0.9734693877551021,0.01479591836734695,0.01479591836734695
nonlinear_var,2,edge_auc,STCG-v1,DynVAR-Lasso,0.9982008995502248,0.9922038980509745,0.0059970014992503096,0.0059970014992503096
nonlinear_var,3,edge_auc,STCG-v1,DynVAR-Lasso,0.9928057553956835,0.9796576531877946,0.013148102207888868,0.013148102207888868
nonlinear_var,4,edge_auc,STCG-v1,DynVAR-Lasso,0.9861863488624052,0.9710184182015168,0.015167930660888396,0.015167930660888396
nonlinear_var,5,edge_auc,STCG-v1,DynVAR-Lasso,0.9704861111111112,0.9505208333333334,0.01996527777777779,0.01996527777777779
nonlinear_var,6,edge_auc,STCG-v1,DynVAR-Lasso,0.928951048951049,0.8995804195804196,0.029370629370629397,0.029370629370629397
nonlinear_var,7,edge_auc,STCG-v1,DynVAR-Lasso,0.9935553168635876,0.9903329752953813,0.0032223415682062218,0.0032223415682062218
nonlinear_var,8,edge_auc,STCG-v1,DynVAR-Lasso,0.9830917874396136,0.9821256038647344,0.0009661835748792091,0.0009661835748792091
nonlinear_var,9,edge_auc,STCG-v1,DynVAR-Lasso,0.9936425712267483,0.9896397457028491,0.0040028255238991894,0.0040028255238991894
nonlinear_var,10,edge_auc,STCG-v1,DynVAR-Lasso,0.9880922847928554,0.9804018853882411,0.007690399404614245,0.007690399404614245
nonlinear_var,11,edge_auc,STCG-v1,DynVAR-Lasso,0.944331983805668,0.937246963562753,0.007085020242914908,0.007085020242914908
nonlinear_var,12,edge_auc,STCG-v1,DynVAR-Lasso,0.9994582881906826,0.997020585048754,0.0024377031419285933,0.0024377031419285933
nonlinear_var,13,edge_auc,STCG-v1,DynVAR-Lasso,0.992465269602072,0.9842241582293384,0.008241111372733645,0.008241111372733645
nonlinear_var,14,edge_auc,STCG-v1,DynVAR-Lasso,0.9889676910953507,0.9810874704491725,0.007880220646178104,0.007880220646178104
nonlinear_var,15,edge_auc,STCG-v1,DynVAR-Lasso,0.9473379629629629,0.9351851851851852,0.012152777777777679,0.012152777777777679
nonlinear_var,16,edge_auc,STCG-v1,DynVAR-Lasso,0.8993488372093024,0.8682790697674418,0.03106976744186052,0.03106976744186052
nonlinear_var,17,edge_auc,STCG-v1,DynVAR-Lasso,0.9863915715539947,0.9760755048287972,0.01031606672519747,0.01031606672519747
nonlinear_var,18,edge_auc,STCG-v1,DynVAR-Lasso,0.9828113962797269,0.9740993642571226,0.008712032022604288,0.008712032022604288
nonlinear_var,19,edge_auc,STCG-v1,DynVAR-Lasso,0.9791621911922663,0.9551020408163265,0.02406015037593978,0.02406015037593978
nonlinear_var,0,pair_auc,STCG-v1,DynVAR-Lasso,0.9553571428571429,0.8826530612244898,0.07270408163265307,0.07270408163265307
nonlinear_var,1,pair_auc,STCG-v1,DynVAR-Lasso,0.98046875,0.94921875,0.03125,0.03125
nonlinear_var,2,pair_auc,STCG-v1,DynVAR-Lasso,0.9946524064171123,0.983957219251337,0.010695187165775333,0.010695187165775333
nonlinear_var,3,pair_auc,STCG-v1,DynVAR-Lasso,0.985897435897436,0.9551282051282052,0.03076923076923077,0.03076923076923077
nonlinear_var,4,pair_auc,STCG-v1,DynVAR-Lasso,0.96875,0.9505208333333334,0.01822916666666663,0.01822916666666663
nonlinear_var,5,pair_auc,STCG-v1,DynVAR-Lasso,0.9763888888888889,0.9513888888888888,0.025000000000000022,0.025000000000000022
nonlinear_var,6,pair_auc,STCG-v1,DynVAR-Lasso,0.9238095238095239,0.8653061224489796,0.058503401360544216,0.058503401360544216
nonlinear_var,7,pair_auc,STCG-v1,DynVAR-Lasso,0.9974457215836526,0.9923371647509579,0.005108556832694733,0.005108556832694733
nonlinear_var,8,pair_auc,STCG-v1,DynVAR-Lasso,0.9895833333333334,0.9817708333333334,0.0078125,0.0078125
nonlinear_var,9,pair_auc,STCG-v1,DynVAR-Lasso,0.9881422924901185,0.9802371541501976,0.007905138339920903,0.007905138339920903
nonlinear_var,10,pair_auc,STCG-v1,DynVAR-Lasso,0.9879679144385026,0.9719251336898396,0.016042780748663055,0.016042780748663055
nonlinear_var,11,pair_auc,STCG-v1,DynVAR-Lasso,0.9169960474308301,0.9038208168642952,0.013175230566534912,0.013175230566534912
nonlinear_var,12,pair_auc,STCG-v1,DynVAR-Lasso,1.0,0.9959183673469387,0.004081632653061273,0.004081632653061273
nonlinear_var,13,pair_auc,STCG-v1,DynVAR-Lasso,0.9794871794871794,0.9602564102564103,0.019230769230769162,0.019230769230769162
nonlinear_var,14,pair_auc,STCG-v1,DynVAR-Lasso,0.9710144927536232,0.9525691699604744,0.01844532279314881,0.01844532279314881
nonlinear_var,15,pair_auc,STCG-v1,DynVAR-Lasso,0.9269005847953217,0.9210526315789473,0.005847953216374324,0.005847953216374324
nonlinear_var,16,pair_auc,STCG-v1,DynVAR-Lasso,0.875,0.8294270833333334,0.04557291666666663,0.04557291666666663
nonlinear_var,17,pair_auc,STCG-v1,DynVAR-Lasso,0.9770114942528736,0.9782886334610472,-0.0012771392081736277,-0.0012771392081736277
nonlinear_var,18,pair_auc,STCG-v1,DynVAR-Lasso,0.9638709677419355,0.9638709677419355,0.0,0.0
nonlinear_var,19,pair_auc,STCG-v1,DynVAR-Lasso,0.9272030651340997,0.8773946360153256,0.049808429118774034,0.049808429118774034
nonlinear_var,0,precision_at_k,STCG-v1,DynVAR-Lasso,0.6666666666666666,0.6060606060606061,0.06060606060606055,0.06060606060606055
nonlinear_var,1,precision_at_k,STCG-v1,DynVAR-Lasso,0.8928571428571429,0.75,0.1428571428571429,0.1428571428571429
nonlinear_var,2,precision_at_k,STCG-v1,DynVAR-Lasso,0.9565217391304348,0.9565217391304348,0.0,0.0
nonlinear_var,3,precision_at_k,STCG-v1,DynVAR-Lasso,0.896551724137931,0.8275862068965517,0.06896551724137934,0.06896551724137934
nonlinear_var,4,precision_at_k,STCG-v1,DynVAR-Lasso,0.9230769230769231,0.9230769230769231,0.0,0.0
nonlinear_var,5,precision_at_k,STCG-v1,DynVAR-Lasso,0.8333333333333334,0.75,0.08333333333333337,0.08333333333333337
nonlinear_var,6,precision_at_k,STCG-v1,DynVAR-Lasso,0.76,0.72,0.040000000000000036,0.040000000000000036
nonlinear_var,7,precision_at_k,STCG-v1,DynVAR-Lasso,0.9142857142857143,0.8857142857142857,0.02857142857142858,0.02857142857142858
nonlinear_var,8,precision_at_k,STCG-v1,DynVAR-Lasso,0.9,0.8333333333333334,0.06666666666666665,0.06666666666666665
nonlinear_var,9,precision_at_k,STCG-v1,DynVAR-Lasso,0.9354838709677419,0.8709677419354839,0.06451612903225801,0.06451612903225801
nonlinear_var,10,precision_at_k,STCG-v1,DynVAR-Lasso,0.9310344827586207,0.896551724137931,0.03448275862068961,0.03448275862068961
nonlinear_var,11,precision_at_k,STCG-v1,DynVAR-Lasso,0.7631578947368421,0.7631578947368421,0.0,0.0
nonlinear_var,12,precision_at_k,STCG-v1,DynVAR-Lasso,0.9615384615384616,0.9615384615384616,0.0,0.0
nonlinear_var,13,precision_at_k,STCG-v1,DynVAR-Lasso,0.8709677419354839,0.8387096774193549,0.032258064516129004,0.032258064516129004
nonlinear_var,14,precision_at_k,STCG-v1,DynVAR-Lasso,0.8518518518518519,0.8518518518518519,0.0,0.0
nonlinear_var,15,precision_at_k,STCG-v1,DynVAR-Lasso,0.875,0.8333333333333334,0.04166666666666663,0.04166666666666663
nonlinear_var,16,precision_at_k,STCG-v1,DynVAR-Lasso,0.6511627906976745,0.6046511627906976,0.04651162790697683,0.04651162790697683
nonlinear_var,17,precision_at_k,STCG-v1,DynVAR-Lasso,0.8823529411764706,0.8529411764705882,0.02941176470588236,0.02941176470588236
nonlinear_var,18,precision_at_k,STCG-v1,DynVAR-Lasso,0.9032258064516129,0.9032258064516129,0.0,0.0
nonlinear_var,19,precision_at_k,STCG-v1,DynVAR-Lasso,0.8285714285714286,0.7714285714285715,0.05714285714285716,0.05714285714285716
nonlinear_var,0,shd,STCG-v1,DynVAR-Lasso,22.0,26.0,-4.0,4.0
nonlinear_var,1,shd,STCG-v1,DynVAR-Lasso,6.0,14.0,-8.0,8.0
nonlinear_var,2,shd,STCG-v1,DynVAR-Lasso,2.0,2.0,0.0,-0.0
nonlinear_var,3,shd,STCG-v1,DynVAR-Lasso,6.0,10.0,-4.0,4.0
nonlinear_var,4,shd,STCG-v1,DynVAR-Lasso,4.0,4.0,0.0,-0.0
nonlinear_var,5,shd,STCG-v1,DynVAR-Lasso,8.0,12.0,-4.0,4.0
nonlinear_var,6,shd,STCG-v1,DynVAR-Lasso,12.0,14.0,-2.0,2.0
nonlinear_var,7,shd,STCG-v1,DynVAR-Lasso,6.0,8.0,-2.0,2.0
nonlinear_var,8,shd,STCG-v1,DynVAR-Lasso,6.0,10.0,-4.0,4.0
nonlinear_var,9,shd,STCG-v1,DynVAR-Lasso,4.0,8.0,-4.0,4.0
nonlinear_var,10,shd,STCG-v1,DynVAR-Lasso,4.0,6.0,-2.0,2.0
nonlinear_var,11,shd,STCG-v1,DynVAR-Lasso,18.0,18.0,0.0,-0.0
nonlinear_var,12,shd,STCG-v1,DynVAR-Lasso,2.0,2.0,0.0,-0.0
nonlinear_var,13,shd,STCG-v1,DynVAR-Lasso,8.0,10.0,-2.0,2.0
nonlinear_var,14,shd,STCG-v1,DynVAR-Lasso,8.0,8.0,0.0,-0.0
nonlinear_var,15,shd,STCG-v1,DynVAR-Lasso,6.0,8.0,-2.0,2.0
nonlinear_var,16,shd,STCG-v1,DynVAR-Lasso,30.0,34.0,-4.0,4.0
nonlinear_var,17,shd,STCG-v1,DynVAR-Lasso,8.0,10.0,-2.0,2.0
nonlinear_var,18,shd,STCG-v1,DynVAR-Lasso,6.0,6.0,0.0,-0.0
nonlinear_var,19,shd,STCG-v1,DynVAR-Lasso,12.0,16.0,-4.0,4.0
nonlinear_var,0,lag_accuracy,STCG-v1,DynVAR-Lasso,0.7857142857142857,0.75,0.0357142857142857,0.0357142857142857
nonlinear_var,1,lag_accuracy,STCG-v1,DynVAR-Lasso,0.9583333333333334,0.9583333333333334,0.0,0.0
nonlinear_var,2,lag_accuracy,STCG-v1,DynVAR-Lasso,1.0,1.0,0.0,0.0
nonlinear_var,3,lag_accuracy,STCG-v1,DynVAR-Lasso,1.0,1.0,0.0,0.0
nonlinear_var,4,lag_accuracy,STCG-v1,DynVAR-Lasso,1.0,0.9583333333333334,0.04166666666666663,0.04166666666666663
nonlinear_var,5,lag_accuracy,STCG-v1,DynVAR-Lasso,1.0,1.0,0.0,0.0
nonlinear_var,6,lag_accuracy,STCG-v1,DynVAR-Lasso,1.0,1.0,0.0,0.0
nonlinear_var,7,lag_accuracy,STCG-v1,DynVAR-Lasso,1.0,1.0,0.0,0.0
nonlinear_var,8,lag_accuracy,STCG-v1,DynVAR-Lasso,0.9583333333333334,0.9583333333333334,0.0,0.0
nonlinear_var,9,lag_accuracy,STCG-v1,DynVAR-Lasso,1.0,1.0,0.0,0.0
nonlinear_var,10,lag_accuracy,STCG-v1,DynVAR-Lasso,1.0,1.0,0.0,0.0
nonlinear_var,11,lag_accuracy,STCG-v1,DynVAR-Lasso,0.9696969696969697,0.9393939393939394,0.030303030303030276,0.030303030303030276
nonlinear_var,12,lag_accuracy,STCG-v1,DynVAR-Lasso,1.0,1.0,0.0,0.0
nonlinear_var,13,lag_accuracy,STCG-v1,DynVAR-Lasso,1.0,1.0,0.0,0.0
nonlinear_var,14,lag_accuracy,STCG-v1,DynVAR-Lasso,1.0,1.0,0.0,0.0
nonlinear_var,15,lag_accuracy,STCG-v1,DynVAR-Lasso,0.9444444444444444,0.9444444444444444,0.0,0.0
nonlinear_var,16,lag_accuracy,STCG-v1,DynVAR-Lasso,0.96875,0.9375,0.03125,0.03125
nonlinear_var,17,lag_accuracy,STCG-v1,DynVAR-Lasso,0.9655172413793104,0.9655172413793104,0.0,0.0
nonlinear_var,18,lag_accuracy,STCG-v1,DynVAR-Lasso,0.96,0.96,0.0,0.0
nonlinear_var,19,lag_accuracy,STCG-v1,DynVAR-Lasso,1.0,1.0,0.0,0.0
switching_var,0,edge_auc,STCG-v1,DynVAR-Lasso,0.9037900874635568,0.8626307665923513,0.04115932087120555,0.04115932087120555
switching_var,1,edge_auc,STCG-v1,DynVAR-Lasso,0.7941845354126056,0.7691682910981157,0.0250162443144899,0.0250162443144899
switching_var,2,edge_auc,STCG-v1,DynVAR-Lasso,0.8575928381962865,0.8433355437665783,0.014257294429708245,0.014257294429708245
switching_var,3,edge_auc,STCG-v1,DynVAR-Lasso,0.7884173433430366,0.770185383790409,0.018231959552627575,0.018231959552627575
switching_var,4,edge_auc,STCG-v1,DynVAR-Lasso,0.8577634754625905,0.8344328238133548,0.023330651649235645,0.023330651649235645
switching_var,5,edge_auc,STCG-v1,DynVAR-Lasso,0.8528301886792453,0.8251025430680886,0.027727645611156704,0.027727645611156704
switching_var,6,edge_auc,STCG-v1,DynVAR-Lasso,0.7966856735566643,0.7908054169636494,0.005880256593014943,0.005880256593014943
switching_var,7,edge_auc,STCG-v1,DynVAR-Lasso,0.6924752807105748,0.7161052455170103,-0.023629964806435422,-0.023629964806435422
switching_var,8,edge_auc,STCG-v1,DynVAR-Lasso,0.7647335423197492,0.752037617554859,0.012695924764890232,0.012695924764890232
switching_var,9,edge_auc,STCG-v1,DynVAR-Lasso,0.7540752351097179,0.7421630094043887,0.011912225705329127,0.011912225705329127
switching_var,10,edge_auc,STCG-v1,DynVAR-Lasso,0.8180475799835931,0.7998359310910582,0.018211648892534904,0.018211648892534904
switching_var,11,edge_auc,STCG-v1,DynVAR-Lasso,0.829444891391794,0.8038616251005631,0.025583266291230866,0.025583266291230866
switching_var,12,edge_auc,STCG-v1,DynVAR-Lasso,0.8042560103963613,0.8248862897985705,-0.020630279402209184,-0.020630279402209184
switching_var,13,edge_auc,STCG-v1,DynVAR-Lasso,0.8147335423197493,0.8032915360501567,0.011442006269592575,0.011442006269592575
switching_var,14,edge_auc,STCG-v1,DynVAR-Lasso,0.8337491090520314,0.8455096222380613,-0.011760513186029886,-0.011760513186029886
switching_var,15,edge_auc,STCG-v1,DynVAR-Lasso,0.7927655024946543,0.7795794725588026,0.013186029935851717,0.013186029935851717
switching_var,16,edge_auc,STCG-v1,DynVAR-Lasso,0.7746583481877599,0.7412358882947119,0.03342245989304804,0.03342245989304804
switching_var,17,edge_auc,STCG-v1,DynVAR-Lasso,0.8302507836990596,0.8018808777429467,0.028369905956112884,0.028369905956112884
switching_var,18,edge_auc,STCG-v1,DynVAR-Lasso,0.8786549707602339,0.847953216374269,0.030701754385964897,0.030701754385964897
switching_var,19,edge_auc,STCG-v1,DynVAR-Lasso,0.8101034692635423,0.8084297017650639,0.0016737674984783624,0.0016737674984783624
switching_var,0,pair_auc,STCG-v1,DynVAR-Lasso,0.9305555555555556,0.8875,0.043055555555555625,0.043055555555555625
switching_var,1,pair_auc,STCG-v1,DynVAR-Lasso,0.8845528455284553,0.8390243902439024,0.04552845528455285,0.04552845528455285
switching_var,2,pair_auc,STCG-v1,DynVAR-Lasso,0.9,0.9203125,-0.020312499999999956,-0.020312499999999956
switching_var,3,pair_auc,STCG-v1,DynVAR-Lasso,0.8860544217687075,0.8486394557823129,0.0374149659863946,0.0374149659863946
switching_var,4,pair_auc,STCG-v1,DynVAR-Lasso,0.8943089430894309,0.8845528455284553,0.009756097560975618,0.009756097560975618
switching_var,5,pair_auc,STCG-v1,DynVAR-Lasso,0.8757309941520468,0.881578947368421,-0.005847953216374213,-0.005847953216374213
switching_var,6,pair_auc,STCG-v1,DynVAR-Lasso,0.7733860342555995,0.8168642951251647,-0.04347826086956519,-0.04347826086956519
switching_var,7,pair_auc,STCG-v1,DynVAR-Lasso,0.7597222222222222,0.7694444444444445,-0.009722222222222299,-0.009722222222222299
switching_var,8,pair_auc,STCG-v1,DynVAR-Lasso,0.803921568627451,0.7677224736048266,0.03619909502262442,0.03619909502262442
switching_var,9,pair_auc,STCG-v1,DynVAR-Lasso,0.7880116959064327,0.7602339181286549,0.02777777777777779,0.02777777777777779
switching_var,10,pair_auc,STCG-v1,DynVAR-Lasso,0.8611111111111112,0.8026315789473685,0.05847953216374269,0.05847953216374269
switching_var,11,pair_auc,STCG-v1,DynVAR-Lasso,0.8163265306122449,0.7210884353741497,0.09523809523809523,0.09523809523809523
switching_var,12,pair_auc,STCG-v1,DynVAR-Lasso,0.8583333333333333,0.8666666666666667,-0.008333333333333415,-0.008333333333333415
switching_var,13,pair_auc,STCG-v1,DynVAR-Lasso,0.7934959349593496,0.8341463414634146,-0.04065040650406504,-0.04065040650406504
switching_var,14,pair_auc,STCG-v1,DynVAR-Lasso,0.7387755102040816,0.7782312925170068,-0.039455782312925236,-0.039455782312925236
switching_var,15,pair_auc,STCG-v1,DynVAR-Lasso,0.7877604166666666,0.8255208333333334,-0.03776041666666674,-0.03776041666666674
switching_var,16,pair_auc,STCG-v1,DynVAR-Lasso,0.7906976744186046,0.7549194991055456,0.035778175313059046,0.035778175313059046
switching_var,17,pair_auc,STCG-v1,DynVAR-Lasso,0.865625,0.9265625,-0.06093749999999998,-0.06093749999999998
switching_var,18,pair_auc,STCG-v1,DynVAR-Lasso,0.9312865497076024,0.881578947368421,0.04970760233918137,0.04970760233918137
switching_var,19,pair_auc,STCG-v1,DynVAR-Lasso,0.8373983739837398,0.8260162601626017,0.011382113821138184,0.011382113821138184
switching_var,0,precision_at_k,STCG-v1,DynVAR-Lasso,0.7346938775510204,0.6938775510204082,0.04081632653061229,0.04081632653061229
switching_var,1,precision_at_k,STCG-v1,DynVAR-Lasso,0.6851851851851852,0.6111111111111112,0.07407407407407407,0.07407407407407407
switching_var,2,precision_at_k,STCG-v1,DynVAR-Lasso,0.7692307692307693,0.6923076923076923,0.07692307692307698,0.07692307692307698
switching_var,3,precision_at_k,STCG-v1,DynVAR-Lasso,0.6721311475409836,0.639344262295082,0.032786885245901565,0.032786885245901565
switching_var,4,precision_at_k,STCG-v1,DynVAR-Lasso,0.7090909090909091,0.7090909090909091,0.0,0.0
switching_var,5,precision_at_k,STCG-v1,DynVAR-Lasso,0.7169811320754716,0.6792452830188679,0.037735849056603765,0.037735849056603765
switching_var,6,precision_at_k,STCG-v1,DynVAR-Lasso,0.6521739130434783,0.6739130434782609,-0.021739130434782594,-0.021739130434782594
switching_var,7,precision_at_k,STCG-v1,DynVAR-Lasso,0.49019607843137253,0.5098039215686274,-0.019607843137254888,-0.019607843137254888
switching_var,8,precision_at_k,STCG-v1,DynVAR-Lasso,0.6379310344827587,0.6379310344827587,0.0,0.0
switching_var,9,precision_at_k,STCG-v1,DynVAR-Lasso,0.6206896551724138,0.603448275862069,0.017241379310344862,0.017241379310344862
switching_var,10,precision_at_k,STCG-v1,DynVAR-Lasso,0.660377358490566,0.6415094339622641,0.018867924528301883,0.018867924528301883
switching_var,11,precision_at_k,STCG-v1,DynVAR-Lasso,0.7090909090909091,0.6545454545454545,0.054545454545454564,0.054545454545454564
switching_var,12,precision_at_k,STCG-v1,DynVAR-Lasso,0.6666666666666666,0.6296296296296297,0.03703703703703698,0.03703703703703698
switching_var,13,precision_at_k,STCG-v1,DynVAR-Lasso,0.6551724137931034,0.6379310344827587,0.01724137931034475,0.01724137931034475
switching_var,14,precision_at_k,STCG-v1,DynVAR-Lasso,0.6304347826086957,0.6086956521739131,0.021739130434782594,0.021739130434782594
switching_var,15,precision_at_k,STCG-v1,DynVAR-Lasso,0.6304347826086957,0.6304347826086957,0.0,0.0
switching_var,16,precision_at_k,STCG-v1,DynVAR-Lasso,0.696969696969697,0.6212121212121212,0.0757575757575758,0.0757575757575758
switching_var,17,precision_at_k,STCG-v1,DynVAR-Lasso,0.7241379310344828,0.6724137931034483,0.051724137931034475,0.051724137931034475
switching_var,18,precision_at_k,STCG-v1,DynVAR-Lasso,0.7222222222222222,0.7222222222222222,0.0,0.0
switching_var,19,precision_at_k,STCG-v1,DynVAR-Lasso,0.6774193548387096,0.6451612903225806,0.032258064516129004,0.032258064516129004
switching_var,0,shd,STCG-v1,DynVAR-Lasso,26.0,30.0,-4.0,4.0
switching_var,1,shd,STCG-v1,DynVAR-Lasso,34.0,42.0,-8.0,8.0
switching_var,2,shd,STCG-v1,DynVAR-Lasso,24.0,32.0,-8.0,8.0
switching_var,3,shd,STCG-v1,DynVAR-Lasso,40.0,44.0,-4.0,4.0
switching_var,4,shd,STCG-v1,DynVAR-Lasso,32.0,32.0,0.0,-0.0
switching_var,5,shd,STCG-v1,DynVAR-Lasso,30.0,34.0,-4.0,4.0
switching_var,6,shd,STCG-v1,DynVAR-Lasso,32.0,30.0,2.0,-2.0
switching_var,7,shd,STCG-v1,DynVAR-Lasso,52.0,50.0,2.0,-2.0
switching_var,8,shd,STCG-v1,DynVAR-Lasso,42.0,42.0,0.0,-0.0
switching_var,9,shd,STCG-v1,DynVAR-Lasso,44.0,46.0,-2.0,2.0
switching_var,10,shd,STCG-v1,DynVAR-Lasso,36.0,38.0,-2.0,2.0
switching_var,11,shd,STCG-v1,DynVAR-Lasso,32.0,38.0,-6.0,6.0
switching_var,12,shd,STCG-v1,DynVAR-Lasso,36.0,40.0,-4.0,4.0
switching_var,13,shd,STCG-v1,DynVAR-Lasso,40.0,42.0,-2.0,2.0
switching_var,14,shd,STCG-v1,DynVAR-Lasso,34.0,36.0,-2.0,2.0
switching_var,15,shd,STCG-v1,DynVAR-Lasso,34.0,34.0,0.0,-0.0
switching_var,16,shd,STCG-v1,DynVAR-Lasso,40.0,50.0,-10.0,10.0
switching_var,17,shd,STCG-v1,DynVAR-Lasso,32.0,38.0,-6.0,6.0
switching_var,18,shd,STCG-v1,DynVAR-Lasso,30.0,30.0,0.0,-0.0
switching_var,19,shd,STCG-v1,DynVAR-Lasso,40.0,44.0,-4.0,4.0
switching_var,0,lag_accuracy,STCG-v1,DynVAR-Lasso,0.8888888888888888,0.8333333333333334,0.05555555555555547,0.05555555555555547
switching_var,1,lag_accuracy,STCG-v1,DynVAR-Lasso,0.7804878048780488,0.7804878048780488,0.0,0.0
switching_var,2,lag_accuracy,STCG-v1,DynVAR-Lasso,0.85,0.825,0.025000000000000022,0.025000000000000022
switching_var,3,lag_accuracy,STCG-v1,DynVAR-Lasso,0.7619047619047619,0.7857142857142857,-0.023809523809523836,-0.023809523809523836
switching_var,4,lag_accuracy,STCG-v1,DynVAR-Lasso,0.8292682926829268,0.8780487804878049,-0.04878048780487809,-0.04878048780487809
switching_var,5,lag_accuracy,STCG-v1,DynVAR-Lasso,0.7894736842105263,0.7631578947368421,0.02631578947368418,0.02631578947368418
switching_var,6,lag_accuracy,STCG-v1,DynVAR-Lasso,0.8181818181818182,0.8484848484848485,-0.030303030303030276,-0.030303030303030276
switching_var,7,lag_accuracy,STCG-v1,DynVAR-Lasso,0.6666666666666666,0.6944444444444444,-0.02777777777777779,-0.02777777777777779
switching_var,8,lag_accuracy,STCG-v1,DynVAR-Lasso,0.7948717948717948,0.7692307692307693,0.02564102564102555,0.02564102564102555
switching_var,9,lag_accuracy,STCG-v1,DynVAR-Lasso,0.7105263157894737,0.7105263157894737,0.0,0.0
switching_var,10,lag_accuracy,STCG-v1,DynVAR-Lasso,0.8157894736842105,0.8157894736842105,0.0,0.0
switching_var,11,lag_accuracy,STCG-v1,DynVAR-Lasso,0.7857142857142857,0.7857142857142857,0.0,0.0
switching_var,12,lag_accuracy,STCG-v1,DynVAR-Lasso,0.8333333333333334,0.8888888888888888,-0.05555555555555547,-0.05555555555555547
switching_var,13,lag_accuracy,STCG-v1,DynVAR-Lasso,0.8536585365853658,0.8536585365853658,0.0,0.0
switching_var,14,lag_accuracy,STCG-v1,DynVAR-Lasso,0.8571428571428571,0.8285714285714286,0.02857142857142847,0.02857142857142847
switching_var,15,lag_accuracy,STCG-v1,DynVAR-Lasso,0.84375,0.6875,0.15625,0.15625
switching_var,16,lag_accuracy,STCG-v1,DynVAR-Lasso,0.7209302325581395,0.7209302325581395,0.0,0.0
switching_var,17,lag_accuracy,STCG-v1,DynVAR-Lasso,0.85,0.825,0.025000000000000022,0.025000000000000022
switching_var,18,lag_accuracy,STCG-v1,DynVAR-Lasso,0.9210526315789473,0.8157894736842105,0.10526315789473684,0.10526315789473684
switching_var,19,lag_accuracy,STCG-v1,DynVAR-Lasso,0.8536585365853658,0.8292682926829268,0.024390243902439046,0.024390243902439046
