generator,seed,method,edge_auc,pair_auc,precision_at_k,shd,lag_accuracy,true_edges,edge_density
var,0,VAR-Lasso,0.9625140291806958,0.9591836734693877,0.8484848484848485,10.0,0.9642857142857143,33.0,0.19642857142857142
var,0,Granger-F,0.9591470258136925,0.9502551020408163,0.8484848484848485,10.0,0.9642857142857143,33.0,0.19642857142857142
var,0,DynVAR-Lasso,0.9032547699214366,0.8979591836734694,0.6363636363636364,24.0,0.8571428571428571,33.0,0.19642857142857142
var,0,DynGranger-F,0.8987654320987655,0.8839285714285714,0.6363636363636364,24.0,0.8928571428571429,33.0,0.19642857142857142
var,0,STCG-v1,0.9207631874298541,0.9477040816326531,0.7575757575757576,16.0,0.8571428571428571,33.0,0.19642857142857142
var,1,VAR-Lasso,0.9163265306122449,0.9036458333333334,0.8214285714285714,10.0,0.875,28.0,0.16666666666666666
var,1,Granger-F,0.9158163265306123,0.9088541666666666,0.8214285714285714,10.0,0.875,28.0,0.16666666666666666
var,1,DynVAR-Lasso,0.861734693877551,0.8450520833333334,0.6071428571428571,22.0,0.875,28.0,0.16666666666666666
var,1,DynGranger-F,0.8571428571428571,0.8450520833333334,0.6428571428571429,20.0,0.875,28.0,0.16666666666666666
var,1,STCG-v1,0.8686224489795918,0.8763020833333334,0.6785714285714286,18.0,0.9166666666666666,28.0,0.16666666666666666
var,2,VAR-Lasso,0.9619190404797601,0.9585561497326203,0.782608695652174,10.0,0.9545454545454546,23.0,0.13690476190476192
var,2,Granger-F,0.9589205397301349,0.9545454545454546,0.782608695652174,10.0,0.9545454545454546,23.0,0.13690476190476192
var,2,DynVAR-Lasso,0.8806596701649175,0.8850267379679144,0.6956521739130435,14.0,0.8636363636363636,23.0,0.13690476190476192
var,2,DynGranger-F,0.8761619190404798,0.8703208556149733,0.6956521739130435,14.0,0.8636363636363636,23.0,0.13690476190476192
var,2,STCG-v1,0.8803598200899551,0.8649732620320856,0.6521739130434783,16.0,0.8181818181818182,23.0,0.13690476190476192
var,3,VAR-Lasso,0.909451748945671,0.8564102564102564,0.6896551724137931,18.0,0.8846153846153846,29.0,0.17261904761904762
var,3,Granger-F,0.9079632845447779,0.8615384615384616,0.7241379310344828,16.0,0.8846153846153846,29.0,0.17261904761904762
var,3,DynVAR-Lasso,0.8032746216819647,0.7884615384615384,0.5862068965517241,24.0,0.6923076923076923,29.0,0.17261904761904762
var,3,DynGranger-F,0.7995534606797321,0.7935897435897435,0.5862068965517241,24.0,0.7307692307692307,29.0,0.17261904761904762
var,3,STCG-v1,0.8203919622922352,0.8641025641025641,0.6206896551724138,22.0,0.7307692307692307,29.0,0.17261904761904762
var,4,VAR-Lasso,0.8686348862405201,0.8776041666666666,0.6923076923076923,16.0,0.8333333333333334,26.0,0.15476190476190477
var,4,Granger-F,0.8586132177681474,0.8645833333333334,0.6538461538461539,18.0,0.8333333333333334,26.0,0.15476190476190477
var,4,DynVAR-Lasso,0.8255687973997833,0.7239583333333334,0.5769230769230769,22.0,0.75,26.0,0.15476190476190477
var,4,DynGranger-F,0.8144637053087758,0.7109375,0.5769230769230769,22.0,0.75,26.0,0.15476190476190477
var,4,STCG-v1,0.8315276273022751,0.7682291666666666,0.5769230769230769,22.0,0.7916666666666666,26.0,0.15476190476190477
var,5,VAR-Lasso,0.9311342592592593,0.8930555555555556,0.7083333333333334,14.0,0.85,24.0,0.14285714285714285
var,5,Granger-F,0.9291087962962963,0.8944444444444445,0.7083333333333334,14.0,0.85,24.0,0.14285714285714285
var,5,DynVAR-Lasso,0.8645833333333334,0.8527777777777777,0.5833333333333334,20.0,0.85,24.0,0.14285714285714285
var,5,DynGranger-F,0.8608217592592593,0.8527777777777777,0.5416666666666666,22.0,0.85,24.0,0.14285714285714285
var,5,STCG-v1,0.8781828703703703,0.8416666666666667,0.625,18.0,0.9,24.0,0.14285714285714285
var,6,VAR-Lasso,0.9163636363636364,0.8870748299319728,0.68,16.0,0.8571428571428571,25.0,0.1488095238095238
var,6,Granger-F,0.9088111888111888,0.8965986394557823,0.68,16.0,0.8571428571428571,25.0,0.1488095238095238
var,6,DynVAR-Lasso,0.8232167832167833,0.782312925170068,0.6,20.0,0.8571428571428571,25.0,0.1488095238095238
var,6,DynGranger-F,0.813986013986014,0.7891156462585034,0.6,20.0,0.8571428571428571,25.0,0.1488095238095238
var,6,STCG-v1,0.8318881118881118,0.8367346938775511,0.6,20.0,0.8095238095238095,25.0,0.1488095238095238
var,7,VAR-Lasso,0.9353383458646617,0.9412515964240102,0.8,14.0,0.9629629629629629,35.0,0.20833333333333334
var,7,Granger-F,0.9269602577873255,0.933588761174968,0.8,14.0,0.9629629629629629,35.0,0.20833333333333334
var,7,DynVAR-Lasso,0.8627282491944146,0.8199233716475096,0.6571428571428571,24.0,0.9629629629629629,35.0,0.20833333333333334
var,7,DynGranger-F,0.8483351235230935,0.80970625798212,0.6571428571428571,24.0,0.9259259259259259,35.0,0.20833333333333334
var,7,STCG-v1,0.881203007518797,0.8301404853128991,0.6571428571428571,24.0,0.8888888888888888,35.0,0.20833333333333334
var,8,VAR-Lasso,0.9047101449275362,0.9427083333333334,0.7333333333333333,16.0,0.7916666666666666,30.0,0.17857142857142858
var,8,Granger-F,0.9016908212560386,0.9440104166666666,0.7333333333333333,16.0,0.7916666666666666,30.0,0.17857142857142858
var,8,DynVAR-Lasso,0.863768115942029,0.9244791666666666,0.7,18.0,0.8333333333333334,30.0,0.17857142857142858
var,8,DynGranger-F,0.8644927536231884,0.9231770833333334,0.7,18.0,0.8333333333333334,30.0,0.17857142857142858
var,8,STCG-v1,0.8514492753623188,0.8736979166666666,0.6333333333333333,22.0,0.8333333333333334,30.0,0.17857142857142858
var,9,VAR-Lasso,0.8697904403108077,0.9011857707509882,0.7096774193548387,18.0,0.8260869565217391,31.0,0.18452380952380953
var,9,Granger-F,0.8622557099128797,0.9011857707509882,0.7096774193548387,18.0,0.8260869565217391,31.0,0.18452380952380953
var,9,DynVAR-Lasso,0.774429008712032,0.8050065876152833,0.5483870967741935,28.0,0.6956521739130435,31.0,0.18452380952380953
var,9,DynGranger-F,0.7699552625382623,0.8102766798418972,0.5806451612903226,26.0,0.6956521739130435,31.0,0.18452380952380953
var,9,STCG-v1,0.7894984695078879,0.8656126482213439,0.6129032258064516,24.0,0.6086956521739131,31.0,0.18452380952380953
var,10,VAR-Lasso,0.9804018853882411,0.9933155080213903,0.8275862068965517,10.0,0.9545454545454546,29.0,0.17261904761904762
var,10,Granger-F,0.9816422723889854,0.9933155080213903,0.8275862068965517,10.0,0.9545454545454546,29.0,0.17261904761904762
var,10,DynVAR-Lasso,0.8920863309352518,0.9264705882352942,0.6206896551724138,22.0,0.9090909090909091,29.0,0.17261904761904762
var,10,DynGranger-F,0.8985363433391218,0.9371657754010695,0.6551724137931034,20.0,0.9090909090909091,29.0,0.17261904761904762
var,10,STCG-v1,0.9198709997519225,0.9786096256684492,0.7586206896551724,14.0,0.9090909090909091,29.0,0.17261904761904762
var,11,VAR-Lasso,0.9395748987854251,0.9433465085638999,0.8157894736842105,14.0,0.9090909090909091,38.0,0.2261904761904762
var,11,Granger-F,0.9382591093117408,0.9420289855072463,0.8157894736842105,14.0,0.9090909090909091,38.0,0.2261904761904762
var,11,DynVAR-Lasso,0.8647773279352227,0.8142292490118577,0.6842105263157895,24.0,0.8181818181818182,38.0,0.2261904761904762
var,11,DynGranger-F,0.8576923076923076,0.8208168642951251,0.6578947368421053,26.0,0.7575757575757576,38.0,0.2261904761904762
var,11,STCG-v1,0.9058704453441295,0.922266139657444,0.7105263157894737,22.0,0.8787878787878788,38.0,0.2261904761904762
var,12,VAR-Lasso,0.9381094257854822,0.9687074829931973,0.8461538461538461,8.0,1.0,26.0,0.15476190476190477
var,12,Granger-F,0.9423076923076923,0.9659863945578231,0.8461538461538461,8.0,1.0,26.0,0.15476190476190477
var,12,DynVAR-Lasso,0.9287648970747562,0.927891156462585,0.8076923076923077,10.0,1.0,26.0,0.15476190476190477
var,12,DynGranger-F,0.9247020585048754,0.9115646258503401,0.7307692307692307,14.0,0.9523809523809523,26.0,0.15476190476190477
var,12,STCG-v1,0.9263271939328277,0.9292517006802721,0.7692307692307693,12.0,0.9523809523809523,26.0,0.15476190476190477
var,13,VAR-Lasso,0.919472568872145,0.9320512820512821,0.7741935483870968,14.0,0.9230769230769231,31.0,0.18452380952380953
var,13,Granger-F,0.9173534259477278,0.9243589743589744,0.7741935483870968,14.0,0.9230769230769231,31.0,0.18452380952380953
var,13,DynVAR-Lasso,0.8794443136331528,0.8871794871794871,0.6774193548387096,20.0,0.8461538461538461,31.0,0.18452380952380953
var,13,DynGranger-F,0.8808570755827643,0.9102564102564102,0.6774193548387096,20.0,0.8461538461538461,31.0,0.18452380952380953
var,13,STCG-v1,0.8712032022604191,0.8589743589743589,0.6774193548387096,20.0,0.8461538461538461,31.0,0.18452380952380953
var,14,VAR-Lasso,0.9130548988705017,0.8893280632411067,0.7037037037037037,16.0,0.8695652173913043,27.0,0.16071428571428573
var,14,Granger-F,0.9059627002889414,0.8840579710144928,0.7037037037037037,16.0,0.8695652173913043,27.0,0.16071428571428573
var,14,DynVAR-Lasso,0.8129760966640399,0.7905138339920948,0.5925925925925926,22.0,0.7391304347826086,27.0,0.16071428571428573
var,14,DynGranger-F,0.803257157867087,0.7720685111989459,0.5555555555555556,24.0,0.7391304347826086,27.0,0.16071428571428573
var,14,STCG-v1,0.8489624376149199,0.8274044795783926,0.5925925925925926,22.0,0.782608695652174,27.0,0.16071428571428573
var,15,VAR-Lasso,0.8987268518518519,0.8157894736842105,0.7083333333333334,14.0,0.8333333333333334,24.0,0.14285714285714285
var,15,Granger-F,0.8940972222222222,0.8099415204678363,0.75,12.0,0.8333333333333334,24.0,0.14285714285714285
var,15,DynVAR-Lasso,0.8958333333333334,0.8538011695906432,0.5833333333333334,20.0,0.8888888888888888,24.0,0.14285714285714285
var,15,DynGranger-F,0.8885995370370371,0.8347953216374269,0.5833333333333334,20.0,0.8888888888888888,24.0,0.14285714285714285
var,15,STCG-v1,0.9033564814814815,0.8201754385964912,0.5833333333333334,20.0,0.9444444444444444,24.0,0.14285714285714285
var,16,VAR-Lasso,0.9144186046511628,0.9231770833333334,0.7674418604651163,20.0,0.875,43.0,0.25595238095238093
var,16,Granger-F,0.9114418604651163,0.9231770833333334,0.7674418604651163,20.0,0.875,43.0,0.25595238095238093
var,16,DynVAR-Lasso,0.878139534883721,0.8450520833333334,0.6976744186046512,26.0,0.875,43.0,0.25595238095238093
var,16,DynGranger-F,0.8803720930232558,0.859375,0.7209302325581395,24.0,0.875,43.0,0.25595238095238093
var,16,STCG-v1,0.8807441860465116,0.8932291666666666,0.7441860465116279,22.0,0.875,43.0,0.25595238095238093
var,17,VAR-Lasso,0.9304214223002634,0.8914431673052363,0.7941176470588235,14.0,0.8620689655172413,34.0,0.20238095238095238
var,17,Granger-F,0.9282265144863916,0.8863346104725415,0.7647058823529411,16.0,0.8620689655172413,34.0,0.20238095238095238
var,17,DynVAR-Lasso,0.8944249341527656,0.8480204342273308,0.6470588235294118,24.0,0.896551724137931,34.0,0.20238095238095238
var,17,DynGranger-F,0.8823529411764706,0.8237547892720306,0.5882352941176471,28.0,0.8620689655172413,34.0,0.20238095238095238
var,17,STCG-v1,0.9018876207199298,0.8978288633461047,0.7058823529411765,20.0,0.896551724137931,34.0,0.20238095238095238
var,18,VAR-Lasso,0.9762185071815399,0.9574193548387097,0.8387096774193549,10.0,1.0,31.0,0.18452380952380953
var,18,Granger-F,0.9766894278314104,0.9612903225806452,0.8387096774193549,10.0,0.96,31.0,0.18452380952380953
var,18,DynVAR-Lasso,0.9333647280433247,0.9290322580645162,0.7419354838709677,16.0,0.92,31.0,0.18452380952380953
var,18,DynGranger-F,0.9324228867435838,0.9329032258064516,0.7741935483870968,14.0,0.88,31.0,0.18452380952380953
var,18,STCG-v1,0.9397221568165764,0.9148387096774193,0.7419354838709677,16.0,0.88,31.0,0.18452380952380953
var,19,VAR-Lasso,0.8843179377013963,0.8914431673052363,0.7714285714285715,16.0,0.7777777777777778,35.0,0.20833333333333334
var,19,Granger-F,0.8824919441460795,0.8952745849297573,0.7714285714285715,16.0,0.7777777777777778,35.0,0.20833333333333334
var,19,DynVAR-Lasso,0.874328678839957,0.8250319284802043,0.6571428571428571,24.0,0.8148148148148148,35.0,0.20833333333333334
var,19,DynGranger-F,0.867454350161117,0.8339719029374202,0.6285714285714286,26.0,0.7777777777777778,35.0,0.20833333333333334
var,19,STCG-v1,0.8775510204081632,0.859514687100894,0.6,28.0,0.7777777777777778,35.0,0.20833333333333334
nonlinear_var,0,VAR-Lasso,0.8390572390572391,0.9732142857142857,0.696969696969697,20.0,0.75,33.0,0.19642857142857142
nonlinear_var,0,Granger-F,0.9079685746352413,0.9821428571428571,0.7575757575757576,16.0,0.7857142857142857,33.0,0.19642857142857142
nonlinear_var,0,DynVAR-Lasso,0.7955106621773288,0.8826530612244898,0.6060606060606061,26.0,0.75,33.0,0.19642857142857142
nonlinear_var,0,DynGranger-F,0.8938271604938272,0.9298469387755102,0.696969696969697,20.0,0.7857142857142857,33.0,0.19642857142857142
nonlinear_var,0,STCG-v1,0.8377104377104377,0.9553571428571429,0.6666666666666666,22.0,0.7857142857142857,33.0,0.19642857142857142
nonlinear_var,1,VAR-Lasso,0.9982142857142857,0.9947916666666666,0.9285714285714286,4.0,1.0,28.0,0.16666666666666666
nonlinear_var,1,Granger-F,0.9989795918367347,0.9973958333333334,0.9285714285714286,4.0,1.0,28.0,0.16666666666666666
nonlinear_var,1,DynVAR-Lasso,0.9734693877551021,0.94921875,0.75,14.0,0.9583333333333334,28.0,0.16666666666666666
nonlinear_var,1,DynGranger-F,0.9864795918367347,0.9908854166666666,0.8928571428571429,6.0,0.9583333333333334,28.0,0.16666666666666666
nonlinear_var,1,STCG-v1,0.988265306122449,0.98046875,0.8928571428571429,6.0,0.9583333333333334,28.0,0.16666666666666666
nonlinear_var,2,VAR-Lasso,1.0,1.0,1.0,0.0,1.0,23.0,0.13690476190476192
nonlinear_var,2,Granger-F,1.0,1.0,1.0,0.0,1.0,23.0,0.13690476190476192
nonlinear_var,2,DynVAR-Lasso,0.9922038980509745,0.983957219251337,0.9565217391304348,2.0,1.0,23.0,0.13690476190476192
nonlinear_var,2,DynGranger-F,1.0,1.0,1.0,0.0,1.0,23.0,0.13690476190476192
nonlinear_var,2,STCG-v1,0.9982008995502248,0.9946524064171123,0.9565217391304348,2.0,1.0,23.0,0.13690476190476192
nonlinear_var,3,VAR-Lasso,0.9972711485983627,0.9897435897435898,0.9655172413793104,2.0,1.0,29.0,0.17261904761904762
nonlinear_var,3,Granger-F,0.9883403621930043,0.9743589743589743,0.9655172413793104,2.0,1.0,29.0,0.17261904761904762
nonlinear_var,3,DynVAR-Lasso,0.9796576531877946,0.9551282051282052,0.8275862068965517,10.0,1.0,29.0,0.17261904761904762
nonlinear_var,3,DynGranger-F,0.9930538327958323,0.985897435897436,0.9310344827586207,4.0,0.9615384615384616,29.0,0.17261904761904762
nonlinear_var,3,STCG-v1,0.9928057553956835,0.985897435897436,0.896551724137931,6.0,1.0,29.0,0.17261904761904762
nonlinear_var,4,VAR-Lasso,0.997020585048754,0.9921875,0.9615384615384616,2.0,1.0,26.0,0.15476190476190477
nonlinear_var,4,Granger-F,0.9997291440953413,1.0,0.9615384615384616,2.0,1.0,26.0,0.15476190476190477
nonlinear_var,4,DynVAR-Lasso,0.9710184182015168,0.9505208333333334,0.9230769230769231,4.0,0.9583333333333334,26.0,0.15476190476190477
nonlinear_var,4,DynGranger-F,0.9916034669555797,0.9752604166666666,0.9230769230769231,4.0,1.0,26.0,0.15476190476190477
nonlinear_var,4,STCG-v1,0.9861863488624052,0.96875,0.9230769230769231,4.0,1.0,26.0,0.15476190476190477
nonlinear_var,5,VAR-Lasso,0.9956597222222222,0.9986111111111111,0.9166666666666666,4.0,1.0,24.0,0.14285714285714285
nonlinear_var,5,Granger-F,0.9945023148148148,1.0,0.9583333333333334,2.0,1.0,24.0,0.14285714285714285
nonlinear_var,5,DynVAR-Lasso,0.9505208333333334,0.9513888888888888,0.75,12.0,1.0,24.0,0.14285714285714285
nonlinear_var,5,DynGranger-F,0.9892939814814815,1.0,0.9166666666666666,4.0,1.0,24.0,0.14285714285714285
nonlinear_var,5,STCG-v1,0.9704861111111112,0.9763888888888889,0.8333333333333334,8.0,1.0,24.0,0.14285714285714285
nonlinear_var,6,VAR-Lasso,0.9381818181818182,0.964625850340136,0.88,6.0,1.0,25.0,0.1488095238095238
nonlinear_var,6,Granger-F,0.926993006993007,1.0,0.92,4.0,0.9523809523809523,25.0,0.1488095238095238
nonlinear_var,6,DynVAR-Lasso,0.8995804195804196,0.8653061224489796,0.72,14.0,1.0,25.0,0.1488095238095238
nonlinear_var,6,DynGranger-F,0.9485314685314685,0.9591836734693877,0.8,10.0,0.9523809523809523,25.0,0.1488095238095238
nonlinear_var,6,STCG-v1,0.928951048951049,0.9238095238095239,0.76,12.0,1.0,25.0,0.1488095238095238
nonlinear_var,7,VAR-Lasso,0.9995703544575725,1.0,0.9714285714285714,2.0,1.0,35.0,0.20833333333333334
nonlinear_var,7,Granger-F,0.9974221267454351,1.0,0.9714285714285714,2.0,1.0,35.0,0.20833333333333334
nonlinear_var,7,DynVAR-Lasso,0.9903329752953813,0.9923371647509579,0.8857142857142857,8.0,1.0,35.0,0.20833333333333334
nonlinear_var,7,DynGranger-F,0.9804511278195489,1.0,0.8857142857142857,8.0,1.0,35.0,0.20833333333333334
nonlinear_var,7,STCG-v1,0.9935553168635876,0.9974457215836526,0.9142857142857143,6.0,1.0,35.0,0.20833333333333334
nonlinear_var,8,VAR-Lasso,0.9985507246376811,1.0,0.9666666666666667,2.0,0.9583333333333334,30.0,0.17857142857142858
nonlinear_var,8,Granger-F,0.9975845410628019,0.9973958333333334,0.9333333333333333,4.0,1.0,30.0,0.17857142857142858
nonlinear_var,8,DynVAR-Lasso,0.9821256038647344,0.9817708333333334,0.8333333333333334,10.0,0.9583333333333334,30.0,0.17857142857142858
nonlinear_var,8,DynGranger-F,0.9736714975845411,0.9713541666666666,0.8333333333333334,10.0,0.9583333333333334,30.0,0.17857142857142858
nonlinear_var,8,STCG-v1,0.9830917874396136,0.9895833333333334,0.9,6.0,0.9583333333333334,30.0,0.17857142857142858
nonlinear_var,9,VAR-Lasso,0.9995290793501295,1.0,0.967741935483871,2.0,1.0,31.0,0.18452380952380953
nonlinear_var,9,Granger-F,0.9974099364257123,1.0,0.967741935483871,2.0,1.0,31.0,0.18452380952380953
nonlinear_var,9,DynVAR-Lasso,0.9896397457028491,0.9802371541501976,0.8709677419354839,8.0,1.0,31.0,0.18452380952380953
nonlinear_var,9,DynGranger-F,0.9818695549799858,0.9776021080368906,0.9032258064516129,6.0,1.0,31.0,0.18452380952380953
nonlinear_var,9,STCG-v1,0.9936425712267483,0.9881422924901185,0.9354838709677419,4.0,1.0,31.0,0.18452380952380953
nonlinear_var,10,VAR-Lasso,0.9990076903994046,0.9973262032085561,0.9655172413793104,2.0,1.0,29.0,0.17261904761904762
nonlinear_var,10,Granger-F,0.9997519225998511,1.0,0.9655172413793104,2.0,1.0,29.0,0.17261904761904762
nonlinear_var,10,DynVAR-Lasso,0.9804018853882411,0.9719251336898396,0.896551724137931,6.0,1.0,29.0,0.17261904761904762
nonlinear_var,10,DynGranger-F,0.9923096005953858,1.0,0.9310344827586207,4.0,1.0,29.0,0.17261904761904762
nonlinear_var,10,STCG-v1,0.9880922847928554,0.9879679144385026,0.9310344827586207,4.0,1.0,29.0,0.17261904761904762
nonlinear_var,11,VAR-Lasso,0.927834008097166,0.8985507246376812,0.7368421052631579,20.0,0.9393939393939394,38.0,0.2261904761904762
nonlinear_var,11,Granger-F,0.9445344129554656,0.922266139657444,0.7894736842105263,16.0,0.9393939393939394,38.0,0.2261904761904762
nonlinear_var,11,DynVAR-Lasso,0.937246963562753,0.9038208168642952,0.7631578947368421,18.0,0.9393939393939394,38.0,0.2261904761904762
nonlinear_var,11,DynGranger-F,0.9307692307692308,0.9156785243741765,0.7894736842105263,16.0,0.9393939393939394,38.0,0.2261904761904762
nonlinear_var,11,STCG-v1,0.944331983805668,0.9169960474308301,0.7631578947368421,18.0,0.9696969696969697,38.0,0.2261904761904762
nonlinear_var,12,VAR-Lasso,1.0,1.0,1.0,0.0,1.0,26.0,0.15476190476190477
nonlinear_var,12,Granger-F,1.0,1.0,1.0,0.0,1.0,26.0,0.15476190476190477
nonlinear_var,12,DynVAR-Lasso,0.997020585048754,0.9959183673469387,0.9615384615384616,2.0,1.0,26.0,0.15476190476190477
nonlinear_var,12,DynGranger-F,0.9959371614301191,0.9931972789115646,0.9230769230769231,4.0,1.0,26.0,0.15476190476190477
nonlinear_var,12,STCG-v1,0.9994582881906826,1.0,0.9615384615384616,2.0,1.0,26.0,0.15476190476190477
nonlinear_var,13,VAR-Lasso,1.0,1.0,1.0,0.0,1.0,31.0,0.18452380952380953
nonlinear_var,13,Granger-F,1.0,1.0,1.0,0.0,1.0,31.0,0.18452380952380953
nonlinear_var,13,DynVAR-Lasso,0.9842241582293384,0.9602564102564103,0.8387096774193549,10.0,1.0,31.0,0.18452380952380953
nonlinear_var,13,DynGranger-F,0.9983517777254532,0.9935897435897436,0.9354838709677419,4.0,1.0,31.0,0.18452380952380953
nonlinear_var,13,STCG-v1,0.992465269602072,0.9794871794871794,0.8709677419354839,8.0,1.0,31.0,0.18452380952380953
nonlinear_var,14,VAR-Lasso,0.9981612818492251,0.9934123847167325,0.9259259259259259,4.0,1.0,27.0,0.16071428571428573
nonlinear_var,14,Granger-F,0.9952718676122931,0.9894598155467721,0.8888888888888888,6.0,1.0,27.0,0.16071428571428573
nonlinear_var,14,DynVAR-Lasso,0.9810874704491725,0.9525691699604744,0.8518518518518519,8.0,1.0,27.0,0.16071428571428573
nonlinear_var,14,DynGranger-F,0.9884423430522721,0.9815546772068511,0.8518518518518519,8.0,0.9130434782608695,27.0,0.16071428571428573
nonlinear_var,14,STCG-v1,0.9889676910953507,0.9710144927536232,0.8518518518518519,8.0,1.0,27.0,0.16071428571428573
nonlinear_var,15,VAR-Lasso,0.9759837962962963,0.9444444444444444,0.8333333333333334,8.0,1.0,24.0,0.14285714285714285
nonlinear_var,15,Granger-F,0.9502314814814815,0.9707602339181286,0.875,6.0,0.9444444444444444,24.0,0.14285714285714285
nonlinear_var,15,DynVAR-Lasso,0.9351851851851852,0.9210526315789473,0.8333333333333334,8.0,0.9444444444444444,24.0,0.14285714285714285
nonlinear_var,15,DynGranger-F,0.9363425925925926,0.9342105263157895,0.8333333333333334,8.0,0.9444444444444444,24.0,0.14285714285714285
nonlinear_var,15,STCG-v1,0.9473379629629629,0.9269005847953217,0.875,6.0,0.9444444444444444,24.0,0.14285714285714285
nonlinear_var,16,VAR-Lasso,0.9233488372093023,0.9166666666666666,0.7674418604651163,20.0,1.0,43.0,0.25595238095238093
nonlinear_var,16,Granger-F,0.9471627906976744,0.9609375,0.8604651162790697,12.0,1.0,43.0,0.25595238095238093
nonlinear_var,16,DynVAR-Lasso,0.8682790697674418,0.8294270833333334,0.6046511627906976,34.0,0.9375,43.0,0.25595238095238093
nonlinear_var,16,DynGranger-F,0.9713488372093023,0.9479166666666666,0.8372093023255814,14.0,0.96875,43.0,0.25595238095238093
nonlinear_var,16,STCG-v1,0.8993488372093024,0.875,0.6511627906976745,30.0,0.96875,43.0,0.25595238095238093
nonlinear_var,17,VAR-Lasso,0.9929762949956101,0.9782886334610472,0.9117647058823529,6.0,1.0,34.0,0.20238095238095238
nonlinear_var,17,Granger-F,0.992756804214223,0.9719029374201787,0.9411764705882353,4.0,1.0,34.0,0.20238095238095238
nonlinear_var,17,DynVAR-Lasso,0.9760755048287972,0.9782886334610472,0.8529411764705882,10.0,0.9655172413793104,34.0,0.20238095238095238
nonlinear_var,17,DynGranger-F,0.983099209833187,0.9731800766283525,0.9117647058823529,6.0,0.9655172413793104,34.0,0.20238095238095238
nonlinear_var,17,STCG-v1,0.9863915715539947,0.9770114942528736,0.8823529411764706,8.0,0.9655172413793104,34.0,0.20238095238095238
nonlinear_var,18,VAR-Lasso,0.995290793501295,0.9858064516129033,0.9354838709677419,4.0,1.0,31.0,0.18452380952380953
nonlinear_var,18,Granger-F,0.9908170473275253,0.9754838709677419,0.9032258064516129,6.0,1.0,31.0,0.18452380952380953
nonlinear_var,18,DynVAR-Lasso,0.9740993642571226,0.9638709677419355,0.9032258064516129,6.0,0.96,31.0,0.18452380952380953
nonlinear_var,18,DynGranger-F,0.9854014598540146,0.9716129032258064,0.8709677419354839,8.0,0.96,31.0,0.18452380952380953
nonlinear_var,18,STCG-v1,0.9828113962797269,0.9638709677419355,0.9032258064516129,6.0,0.96,31.0,0.18452380952380953
nonlinear_var,19,VAR-Lasso,0.9933404940923738,0.9655172413793104,0.9142857142857143,6.0,1.0,35.0,0.20833333333333334
nonlinear_var,19,Granger-F,0.9834586466165414,0.9591315453384419,0.9142857142857143,6.0,0.9259259259259259,35.0,0.20833333333333334
nonlinear_var,19,DynVAR-Lasso,0.9551020408163265,0.8773946360153256,0.7714285714285715,16.0,1.0,35.0,0.20833333333333334
nonlinear_var,19,DynGranger-F,0.9838882921589689,0.9527458492975734,0.8857142857142857,8.0,0.9629629629629629,35.0,0.20833333333333334
nonlinear_var,19,STCG-v1,0.9791621911922663,0.9272030651340997,0.8285714285714286,12.0,1.0,35.0,0.20833333333333334
switching_var,0,VAR-Lasso,0.8278168410221232,0.8375,0.6326530612244898,36.0,0.7777777777777778,49.0,0.2916666666666667
switching_var,0,Granger-F,0.824043903275596,0.8388888888888889,0.6122448979591837,38.0,0.7777777777777778,49.0,0.2916666666666667
switching_var,0,DynVAR-Lasso,0.8626307665923513,0.8875,0.6938775510204082,30.0,0.8333333333333334,49.0,0.2916666666666667
switching_var,0,DynGranger-F,0.8590293260161207,0.8777777777777778,0.6938775510204082,30.0,0.8611111111111112,49.0,0.2916666666666667
switching_var,0,STCG-v1,0.9037900874635568,0.9305555555555556,0.7346938775510204,26.0,0.8888888888888888,49.0,0.2916666666666667
switching_var,1,VAR-Lasso,0.7774528914879792,0.8536585365853658,0.6296296296296297,40.0,0.7560975609756098,54.0,0.32142857142857145
switching_var,1,Granger-F,0.7784275503573749,0.8504065040650407,0.6296296296296297,40.0,0.7560975609756098,54.0,0.32142857142857145
switching_var,1,DynVAR-Lasso,0.7691682910981157,0.8390243902439024,0.6111111111111112,42.0,0.7804878048780488,54.0,0.32142857142857145
switching_var,1,DynGranger-F,0.7652696556205328,0.8308943089430895,0.6111111111111112,42.0,0.7804878048780488,54.0,0.32142857142857145
switching_var,1,STCG-v1,0.7941845354126056,0.8845528455284553,0.6851851851851852,34.0,0.7804878048780488,54.0,0.32142857142857145
switching_var,2,VAR-Lasso,0.8242705570291777,0.8703125,0.6923076923076923,32.0,0.725,52.0,0.30952380952380953
switching_var,2,Granger-F,0.8194628647214854,0.853125,0.6923076923076923,32.0,0.725,52.0,0.30952380952380953
switching_var,2,DynVAR-Lasso,0.8433355437665783,0.9203125,0.6923076923076923,32.0,0.825,52.0,0.30952380952380953
switching_var,2,DynGranger-F,0.8355437665782494,0.9140625,0.7115384615384616,30.0,0.825,52.0,0.30952380952380953
switching_var,2,STCG-v1,0.8575928381962865,0.9,0.7692307692307693,24.0,0.85,52.0,0.30952380952380953
switching_var,3,VAR-Lasso,0.7003217404626935,0.79421768707483,0.5901639344262295,50.0,0.6904761904761905,61.0,0.3630952380952381
switching_var,3,Granger-F,0.6946529799295236,0.7789115646258503,0.5737704918032787,52.0,0.6904761904761905,61.0,0.3630952380952381
switching_var,3,DynVAR-Lasso,0.770185383790409,0.8486394557823129,0.639344262295082,44.0,0.7857142857142857,61.0,0.3630952380952381
switching_var,3,DynGranger-F,0.7662019304427762,0.8452380952380952,0.6557377049180327,42.0,0.7857142857142857,61.0,0.3630952380952381
switching_var,3,STCG-v1,0.7884173433430366,0.8860544217687075,0.6721311475409836,40.0,0.7619047619047619,61.0,0.3630952380952381
switching_var,4,VAR-Lasso,0.8531777956556718,0.8617886178861789,0.7090909090909091,32.0,0.8292682926829268,55.0,0.3273809523809524
switching_var,4,Granger-F,0.8495575221238938,0.8634146341463415,0.7090909090909091,32.0,0.8292682926829268,55.0,0.3273809523809524
switching_var,4,DynVAR-Lasso,0.8344328238133548,0.8845528455284553,0.7090909090909091,32.0,0.8780487804878049,55.0,0.3273809523809524
switching_var,4,DynGranger-F,0.8234915526950926,0.8601626016260162,0.7090909090909091,32.0,0.8536585365853658,55.0,0.3273809523809524
switching_var,4,STCG-v1,0.8577634754625905,0.8943089430894309,0.7090909090909091,32.0,0.8292682926829268,55.0,0.3273809523809524
switching_var,5,VAR-Lasso,0.8292042657916325,0.8713450292397661,0.6981132075471698,32.0,0.7894736842105263,53.0,0.31547619047619047
switching_var,5,Granger-F,0.8298605414273995,0.8654970760233918,0.6981132075471698,32.0,0.7894736842105263,53.0,0.31547619047619047
switching_var,5,DynVAR-Lasso,0.8251025430680886,0.881578947368421,0.6792452830188679,34.0,0.7631578947368421,53.0,0.31547619047619047
switching_var,5,DynGranger-F,0.8269073010664479,0.8903508771929824,0.6792452830188679,34.0,0.7368421052631579,53.0,0.31547619047619047
switching_var,5,STCG-v1,0.8528301886792453,0.8757309941520468,0.7169811320754716,30.0,0.7894736842105263,53.0,0.31547619047619047
switching_var,6,VAR-Lasso,0.7845687811831789,0.7351778656126482,0.6086956521739131,36.0,0.7575757575757576,46.0,0.27380952380952384
switching_var,6,Granger-F,0.7769066286528866,0.7364953886693018,0.6304347826086957,34.0,0.7575757575757576,46.0,0.27380952380952384
switching_var,6,DynVAR-Lasso,0.7908054169636494,0.8168642951251647,0.6739130434782609,30.0,0.8484848484848485,46.0,0.27380952380952384
switching_var,6,DynGranger-F,0.7895580898075553,0.8234519104084321,0.6521739130434783,32.0,0.8484848484848485,46.0,0.27380952380952384
switching_var,6,STCG-v1,0.7966856735566643,0.7733860342555995,0.6521739130434783,32.0,0.8181818181818182,46.0,0.27380952380952384
switching_var,7,VAR-Lasso,0.7699011228422993,0.8263888888888888,0.5686274509803921,44.0,0.6944444444444444,51.0,0.30357142857142855
switching_var,7,Granger-F,0.7777777777777778,0.8333333333333334,0.5882352941176471,42.0,0.7222222222222222,51.0,0.30357142857142855
switching_var,7,DynVAR-Lasso,0.7161052455170103,0.7694444444444445,0.5098039215686274,50.0,0.6944444444444444,51.0,0.30357142857142855
switching_var,7,DynGranger-F,0.7129210658622424,0.7888888888888889,0.5294117647058824,48.0,0.6944444444444444,51.0,0.30357142857142855
switching_var,7,STCG-v1,0.6924752807105748,0.7597222222222222,0.49019607843137253,52.0,0.6666666666666666,51.0,0.30357142857142855
switching_var,8,VAR-Lasso,0.7123824451410659,0.6998491704374057,0.5172413793103449,56.0,0.717948717948718,58.0,0.34523809523809523
switching_var,8,Granger-F,0.7106583072100313,0.6998491704374057,0.5172413793103449,56.0,0.717948717948718,58.0,0.34523809523809523
switching_var,8,DynVAR-Lasso,0.752037617554859,0.7677224736048266,0.6379310344827587,42.0,0.7692307692307693,58.0,0.34523809523809523
switching_var,8,DynGranger-F,0.7556426332288402,0.77526395173454,0.6206896551724138,44.0,0.7435897435897436,58.0,0.34523809523809523
switching_var,8,STCG-v1,0.7647335423197492,0.803921568627451,0.6379310344827587,42.0,0.7948717948717948,58.0,0.34523809523809523
switching_var,9,VAR-Lasso,0.7142633228840125,0.7573099415204678,0.5689655172413793,50.0,0.6842105263157895,58.0,0.34523809523809523
switching_var,9,Granger-F,0.7147335423197492,0.7660818713450293,0.5689655172413793,50.0,0.6842105263157895,58.0,0.34523809523809523
switching_var,9,DynVAR-Lasso,0.7421630094043887,0.7602339181286549,0.603448275862069,46.0,0.7105263157894737,58.0,0.34523809523809523
switching_var,9,DynGranger-F,0.7501567398119122,0.7953216374269005,0.603448275862069,46.0,0.7368421052631579,58.0,0.34523809523809523
switching_var,9,STCG-v1,0.7540752351097179,0.7880116959064327,0.6206896551724138,44.0,0.7105263157894737,58.0,0.34523809523809523
switching_var,10,VAR-Lasso,0.8017227235438884,0.8187134502923976,0.660377358490566,36.0,0.8421052631578947,53.0,0.31547619047619047
switching_var,10,Granger-F,0.8018047579983593,0.8187134502923976,0.6415094339622641,38.0,0.8421052631578947,53.0,0.31547619047619047
switching_var,10,DynVAR-Lasso,0.7998359310910582,0.8026315789473685,0.6415094339622641,38.0,0.8157894736842105,53.0,0.31547619047619047
switching_var,10,DynGranger-F,0.801312551271534,0.8026315789473685,0.6415094339622641,38.0,0.7894736842105263,53.0,0.31547619047619047
switching_var,10,STCG-v1,0.8180475799835931,0.8611111111111112,0.660377358490566,36.0,0.8157894736842105,53.0,0.31547619047619047
switching_var,11,VAR-Lasso,0.8193885760257442,0.7789115646258503,0.6545454545454545,38.0,0.7857142857142857,55.0,0.3273809523809524
switching_var,11,Granger-F,0.8217216411906677,0.7789115646258503,0.6363636363636364,40.0,0.7857142857142857,55.0,0.3273809523809524
switching_var,11,DynVAR-Lasso,0.8038616251005631,0.7210884353741497,0.6545454545454545,38.0,0.7857142857142857,55.0,0.3273809523809524
switching_var,11,DynGranger-F,0.8006436041834272,0.7108843537414966,0.6363636363636364,40.0,0.7619047619047619,55.0,0.3273809523809524
switching_var,11,STCG-v1,0.829444891391794,0.8163265306122449,0.7090909090909091,32.0,0.7857142857142857,55.0,0.3273809523809524
switching_var,12,VAR-Lasso,0.8091293047433399,0.8583333333333333,0.6666666666666666,36.0,0.9166666666666666,54.0,0.32142857142857145
switching_var,12,Granger-F,0.8123781676413255,0.8555555555555555,0.6666666666666666,36.0,0.9166666666666666,54.0,0.32142857142857145
switching_var,12,DynVAR-Lasso,0.8248862897985705,0.8666666666666667,0.6296296296296297,40.0,0.8888888888888888,54.0,0.32142857142857145
switching_var,12,DynGranger-F,0.8240740740740741,0.8472222222222222,0.6481481481481481,38.0,0.8611111111111112,54.0,0.32142857142857145
switching_var,12,STCG-v1,0.8042560103963613,0.8583333333333333,0.6666666666666666,36.0,0.8333333333333334,54.0,0.32142857142857145
switching_var,13,VAR-Lasso,0.7819749216300941,0.7853658536585366,0.6379310344827587,42.0,0.7804878048780488,58.0,0.34523809523809523
switching_var,13,Granger-F,0.779153605015674,0.7869918699186992,0.6551724137931034,40.0,0.7804878048780488,58.0,0.34523809523809523
switching_var,13,DynVAR-Lasso,0.8032915360501567,0.8341463414634146,0.6379310344827587,42.0,0.8536585365853658,58.0,0.34523809523809523
switching_var,13,DynGranger-F,0.7963949843260189,0.832520325203252,0.6379310344827587,42.0,0.8292682926829268,58.0,0.34523809523809523
switching_var,13,STCG-v1,0.8147335423197493,0.7934959349593496,0.6551724137931034,40.0,0.8536585365853658,58.0,0.34523809523809523
switching_var,14,VAR-Lasso,0.7494654312188168,0.7129251700680272,0.5434782608695652,42.0,0.7142857142857143,46.0,0.27380952380952384
switching_var,14,Granger-F,0.7462580185317177,0.710204081632653,0.5434782608695652,42.0,0.7428571428571429,46.0,0.27380952380952384
switching_var,14,DynVAR-Lasso,0.8455096222380613,0.7782312925170068,0.6086956521739131,36.0,0.8285714285714286,46.0,0.27380952380952384
switching_var,14,DynGranger-F,0.8449750534568781,0.7836734693877551,0.6304347826086957,34.0,0.8,46.0,0.27380952380952384
switching_var,14,STCG-v1,0.8337491090520314,0.7387755102040816,0.6304347826086957,34.0,0.8571428571428571,46.0,0.27380952380952384
switching_var,15,VAR-Lasso,0.7638987883107626,0.7799479166666666,0.5869565217391305,38.0,0.78125,46.0,0.27380952380952384
switching_var,15,Granger-F,0.7606913756236636,0.7708333333333334,0.5869565217391305,38.0,0.78125,46.0,0.27380952380952384
switching_var,15,DynVAR-Lasso,0.7795794725588026,0.8255208333333334,0.6304347826086957,34.0,0.6875,46.0,0.27380952380952384
switching_var,15,DynGranger-F,0.7765502494654312,0.8229166666666666,0.6304347826086957,34.0,0.71875,46.0,0.27380952380952384
switching_var,15,STCG-v1,0.7927655024946543,0.7877604166666666,0.6304347826086957,34.0,0.84375,46.0,0.27380952380952384
switching_var,16,VAR-Lasso,0.7127153891859774,0.8050089445438283,0.6212121212121212,50.0,0.6744186046511628,66.0,0.39285714285714285
switching_var,16,Granger-F,0.7109328579916815,0.8014311270125224,0.6212121212121212,50.0,0.6511627906976745,66.0,0.39285714285714285
switching_var,16,DynVAR-Lasso,0.7412358882947119,0.7549194991055456,0.6212121212121212,50.0,0.7209302325581395,66.0,0.39285714285714285
switching_var,16,DynGranger-F,0.7424242424242424,0.7459749552772809,0.6363636363636364,48.0,0.7209302325581395,66.0,0.39285714285714285
switching_var,16,STCG-v1,0.7746583481877599,0.7906976744186046,0.696969696969697,40.0,0.7209302325581395,66.0,0.39285714285714285
switching_var,17,VAR-Lasso,0.7678683385579937,0.85,0.603448275862069,46.0,0.8,58.0,0.34523809523809523
switching_var,17,Granger-F,0.766614420062696,0.846875,0.603448275862069,46.0,0.825,58.0,0.34523809523809523
switching_var,17,DynVAR-Lasso,0.8018808777429467,0.9265625,0.6724137931034483,38.0,0.825,58.0,0.34523809523809523
switching_var,17,DynGranger-F,0.8092476489028213,0.9328125,0.6724137931034483,38.0,0.825,58.0,0.34523809523809523
switching_var,17,STCG-v1,0.8302507836990596,0.865625,0.7241379310344828,32.0,0.85,58.0,0.34523809523809523
switching_var,18,VAR-Lasso,0.8352826510721247,0.8523391812865497,0.6666666666666666,36.0,0.8421052631578947,54.0,0.32142857142857145
switching_var,18,Granger-F,0.833170890188434,0.8523391812865497,0.6481481481481481,38.0,0.8421052631578947,54.0,0.32142857142857145
switching_var,18,DynVAR-Lasso,0.847953216374269,0.881578947368421,0.7222222222222222,30.0,0.8157894736842105,54.0,0.32142857142857145
switching_var,18,DynGranger-F,0.8469785575048733,0.8845029239766082,0.7222222222222222,30.0,0.8157894736842105,54.0,0.32142857142857145
switching_var,18,STCG-v1,0.8786549707602339,0.9312865497076024,0.7222222222222222,30.0,0.9210526315789473,54.0,0.32142857142857145
switching_var,19,VAR-Lasso,0.757303712720633,0.8146341463414634,0.6451612903225806,44.0,0.7804878048780488,62.0,0.36904761904761907
switching_var,19,Granger-F,0.757303712720633,0.816260162601626,0.6129032258064516,48.0,0.7804878048780488,62.0,0.36904761904761907
switching_var,19,DynVAR-Lasso,0.8084297017650639,0.8260162601626017,0.6451612903225806,44.0,0.8292682926829268,62.0,0.36904761904761907
switching_var,19,DynGranger-F,0.8056908094948265,0.832520325203252,0.6774193548387096,40.0,0.8292682926829268,62.0,0.36904761904761907
switching_var,19,STCG-v1,0.8101034692635423,0.8373983739837398,0.6774193548387096,40.0,0.8536585365853658,62.0,0.36904761904761907
var,0,PCMCI-ParCorr,0.9463524130190797,0.9502551020408163,0.7272727272727273,18.0,0.9285714285714286,33.0,0.19642857142857142
var,1,PCMCI-ParCorr,0.9186224489795919,0.9127604166666666,0.8571428571428571,8.0,0.875,28.0,0.16666666666666666
var,2,PCMCI-ParCorr,0.9649175412293853,0.9719251336898396,0.8260869565217391,8.0,0.9090909090909091,23.0,0.13690476190476192
var,3,PCMCI-ParCorr,0.9020094269412057,0.8666666666666667,0.6896551724137931,18.0,0.8846153846153846,29.0,0.17261904761904762
var,4,PCMCI-ParCorr,0.8594257854821236,0.8802083333333334,0.6923076923076923,16.0,0.8333333333333334,26.0,0.15476190476190477
var,5,PCMCI-ParCorr,0.9447337962962963,0.9069444444444444,0.6666666666666666,16.0,0.85,24.0,0.14285714285714285
var,6,PCMCI-ParCorr,0.9130069930069931,0.8979591836734694,0.68,16.0,0.8571428571428571,25.0,0.1488095238095238
var,7,PCMCI-ParCorr,0.9465091299677766,0.9450830140485313,0.7714285714285715,16.0,0.9629629629629629,35.0,0.20833333333333334
var,8,PCMCI-ParCorr,0.9135265700483092,0.9244791666666666,0.7333333333333333,16.0,0.8333333333333334,30.0,0.17857142857142858
var,9,PCMCI-ParCorr,0.8424770426183188,0.8919631093544137,0.7096774193548387,18.0,0.7391304347826086,31.0,0.18452380952380953
var,10,PCMCI-ParCorr,0.9694864797816919,0.982620320855615,0.8275862068965517,10.0,0.9545454545454546,29.0,0.17261904761904762
var,11,PCMCI-ParCorr,0.9374493927125506,0.9433465085638999,0.8157894736842105,14.0,0.9090909090909091,38.0,0.2261904761904762
var,12,PCMCI-ParCorr,0.9206392199349945,0.9306122448979591,0.7692307692307693,12.0,1.0,26.0,0.15476190476190477
var,13,PCMCI-ParCorr,0.9343065693430657,0.9346153846153846,0.8064516129032258,12.0,0.9230769230769231,31.0,0.18452380952380953
var,14,PCMCI-ParCorr,0.8957184134489099,0.8695652173913043,0.6666666666666666,18.0,0.8260869565217391,27.0,0.16071428571428573
var,15,PCMCI-ParCorr,0.8871527777777778,0.8245614035087719,0.6666666666666666,16.0,0.7777777777777778,24.0,0.14285714285714285
var,16,PCMCI-ParCorr,0.932093023255814,0.9322916666666666,0.7906976744186046,18.0,0.875,43.0,0.25595238095238093
var,17,PCMCI-ParCorr,0.9334942932396839,0.8825031928480205,0.7352941176470589,18.0,0.8275862068965517,34.0,0.20238095238095238
var,18,PCMCI-ParCorr,0.9656227925594537,0.9703225806451613,0.8387096774193549,10.0,0.92,31.0,0.18452380952380953
var,19,PCMCI-ParCorr,0.876047261009667,0.8825031928480205,0.7142857142857143,20.0,0.7777777777777778,35.0,0.20833333333333334
nonlinear_var,0,PCMCI-ParCorr,0.9398428731762065,0.9795918367346939,0.8181818181818182,12.0,0.8214285714285714,33.0,0.19642857142857142
nonlinear_var,1,PCMCI-ParCorr,0.9979591836734694,0.9908854166666666,0.9642857142857143,2.0,1.0,28.0,0.16666666666666666
nonlinear_var,2,PCMCI-ParCorr,1.0,1.0,1.0,0.0,1.0,23.0,0.13690476190476192
nonlinear_var,3,PCMCI-ParCorr,0.9987596129992558,0.9948717948717949,0.9655172413793104,2.0,1.0,29.0,0.17261904761904762
nonlinear_var,4,PCMCI-ParCorr,1.0,1.0,1.0,0.0,1.0,26.0,0.15476190476190477
nonlinear_var,5,PCMCI-ParCorr,0.9997106481481481,1.0,0.9583333333333334,2.0,1.0,24.0,0.14285714285714285
nonlinear_var,6,PCMCI-ParCorr,0.9779020979020979,0.9850340136054422,0.84,8.0,0.9523809523809523,25.0,0.1488095238095238
nonlinear_var,7,PCMCI-ParCorr,1.0,1.0,1.0,0.0,1.0,35.0,0.20833333333333334
nonlinear_var,8,PCMCI-ParCorr,0.9792270531400966,0.99609375,0.9666666666666667,2.0,0.9583333333333334,30.0,0.17857142857142858
nonlinear_var,9,PCMCI-ParCorr,0.9922298092771368,0.994729907773386,0.9354838709677419,4.0,1.0,31.0,0.18452380952380953
nonlinear_var,10,PCMCI-ParCorr,0.9990076903994046,0.9986631016042781,0.9655172413793104,2.0,1.0,29.0,0.17261904761904762
nonlinear_var,11,PCMCI-ParCorr,0.9368421052631579,0.9538866930171278,0.7894736842105263,16.0,0.8787878787878788,38.0,0.2261904761904762
nonlinear_var,12,PCMCI-ParCorr,0.9964788732394366,0.9972789115646259,0.9230769230769231,4.0,1.0,26.0,0.15476190476190477
nonlinear_var,13,PCMCI-ParCorr,0.9992936190251942,0.9961538461538462,0.967741935483871,2.0,1.0,31.0,0.18452380952380953
nonlinear_var,14,PCMCI-ParCorr,0.9978986078276858,0.9920948616600791,0.9259259259259259,4.0,1.0,27.0,0.16071428571428573
nonlinear_var,15,PCMCI-ParCorr,0.9701967592592593,0.9590643274853801,0.9166666666666666,4.0,0.9444444444444444,24.0,0.14285714285714285
nonlinear_var,16,PCMCI-ParCorr,0.9317209302325581,0.9348958333333334,0.813953488372093,16.0,0.96875,43.0,0.25595238095238093
nonlinear_var,17,PCMCI-ParCorr,0.9730026338893767,0.9527458492975734,0.8823529411764706,8.0,0.9310344827586207,34.0,0.20238095238095238
nonlinear_var,18,PCMCI-ParCorr,0.9969390157758418,0.9883870967741936,0.9354838709677419,4.0,1.0,31.0,0.18452380952380953
nonlinear_var,19,PCMCI-ParCorr,0.9845327604726101,0.9757343550446999,0.9142857142857143,6.0,0.9629629629629629,35.0,0.20833333333333334
switching_var,0,PCMCI-ParCorr,0.8163265306122449,0.8194444444444444,0.6326530612244898,36.0,0.7777777777777778,49.0,0.2916666666666667
switching_var,1,PCMCI-ParCorr,0.7833008447043535,0.8569105691056911,0.6296296296296297,40.0,0.7073170731707317,54.0,0.32142857142857145
switching_var,2,PCMCI-ParCorr,0.8368700265251989,0.8171875,0.6923076923076923,32.0,0.75,52.0,0.30952380952380953
switching_var,3,PCMCI-ParCorr,0.7176344415504826,0.8010204081632653,0.6229508196721312,46.0,0.7142857142857143,61.0,0.3630952380952381
switching_var,4,PCMCI-ParCorr,0.8650040225261464,0.8813008130081301,0.7090909090909091,32.0,0.8048780487804879,55.0,0.3273809523809524
switching_var,5,PCMCI-ParCorr,0.816735028712059,0.8640350877192983,0.6415094339622641,38.0,0.7631578947368421,53.0,0.31547619047619047
switching_var,6,PCMCI-ParCorr,0.7744119743406985,0.7549407114624506,0.6086956521739131,36.0,0.7575757575757576,46.0,0.27380952380952384
switching_var,7,PCMCI-ParCorr,0.7663817663817664,0.8486111111111111,0.5882352941176471,42.0,0.7222222222222222,51.0,0.30357142857142855
switching_var,8,PCMCI-ParCorr,0.6920062695924765,0.7134238310708899,0.5344827586206896,54.0,0.7692307692307693,58.0,0.34523809523809523
switching_var,9,PCMCI-ParCorr,0.7206896551724138,0.7807017543859649,0.5344827586206896,54.0,0.7105263157894737,58.0,0.34523809523809523
switching_var,10,PCMCI-ParCorr,0.8091878589007383,0.8230994152046783,0.6415094339622641,38.0,0.8157894736842105,53.0,0.31547619047619047
switching_var,11,PCMCI-ParCorr,0.7945293644408689,0.7721088435374149,0.6545454545454545,38.0,0.7380952380952381,55.0,0.3273809523809524
switching_var,12,PCMCI-ParCorr,0.8094541910331384,0.8611111111111112,0.6481481481481481,38.0,0.9166666666666666,54.0,0.32142857142857145
switching_var,13,PCMCI-ParCorr,0.7755485893416928,0.7821138211382114,0.6379310344827587,42.0,0.7317073170731707,58.0,0.34523809523809523
switching_var,14,PCMCI-ParCorr,0.7558802565930149,0.7183673469387755,0.5652173913043478,40.0,0.6857142857142857,46.0,0.27380952380952384
switching_var,15,PCMCI-ParCorr,0.7804704205274412,0.7669270833333334,0.6086956521739131,36.0,0.71875,46.0,0.27380952380952384
switching_var,16,PCMCI-ParCorr,0.7269756387403447,0.8246869409660107,0.6060606060606061,52.0,0.7209302325581395,66.0,0.39285714285714285
switching_var,17,PCMCI-ParCorr,0.7496865203761756,0.828125,0.603448275862069,46.0,0.8,58.0,0.34523809523809523
switching_var,18,PCMCI-ParCorr,0.8391812865497076,0.8742690058479532,0.6481481481481481,38.0,0.8421052631578947,54.0,0.32142857142857145
switching_var,19,PCMCI-ParCorr,0.7506086427267195,0.8,0.6129032258064516,48.0,0.7560975609756098,62.0,0.36904761904761907
